,Name,Team,Pos,COMP,PATT,PYDS,PTD,INT,RATT,RYDS,RTD,REC,TAR,REYDS,RETD,TOT,LOST,G,Last year,Two years ago,Value,Old_Value
0,A.J. Brown,PHI,WR,0.0,0.0,0.0,0.0,0.0,0.0,0.0,0.0,81.0,118.0,1164.0,7.0,0.0,0.0,12.0,236.2,119.5,13.074106027966154,13.07
1,A.T. Perry,NO,WR,0.0,0.0,0.0,0.0,0.0,0.0,0.0,0.0,4.0,9.0,75.0,1.0,0.0,0.0,3.0,0.0,0.0,1.0368780964343032,
2,AJ Dillon,GB,RB,0.0,0.0,0.0,0.0,0.0,149.0,521.0,1.0,20.0,25.0,198.0,0.0,0.0,0.0,12.0,139.6,162.1,6.022188727439747,6.02
3,Aaron Jones,GB,RB,0.0,0.0,0.0,0.0,0.0,66.0,245.0,2.0,19.0,30.0,169.0,1.0,2.0,1.0,7.0,193.6,196.0,5.966522458297616,5.96
4,Aaron Rodgers,NYJ,QB,0.0,1.0,0.0,0.0,0.0,0.0,0.0,0.0,0.0,0.0,0.0,0.0,0.0,0.0,1.0,304.2,392.7,2.1880956662470776,2.18
5,Adam Prentice,NO,FB,0.0,0.0,0.0,0.0,0.0,1.0,5.0,0.0,1.0,2.0,5.0,0.0,1.0,1.0,1.0,1.3,1.1,0.0949777684127224,0.09
6,Adam Thielen,CAR,WR,0.0,0.0,0.0,0.0,0.0,1.0,6.0,0.0,80.0,106.0,753.0,4.0,1.0,0.0,12.0,113.0,117.9,8.324112612470007,8.32
7,Adam Trautman,DEN,TE,0.0,0.0,0.0,0.0,0.0,0.0,0.0,0.0,17.0,25.0,131.0,2.0,0.0,0.0,11.0,26.7,254.4,2.444549469290639,2.44
8,Aidan O'Connell,LV,QB,113.0,178.0,1194.0,4.0,6.0,6.0,9.0,1.0,0.0,0.0,0.0,0.0,4.0,2.0,6.0,0.0,0.0,3.315450226135274,
9,Albert Okwuegbunam,PHI,TE,0.0,0.0,0.0,0.0,0.0,0.0,0.0,0.0,0.0,1.0,0.0,0.0,0.0,0.0,1.0,0.0,0.0,-1.5,-1.5
10,Alec Ingold,MIA,FB,0.0,0.0,0.0,0.0,0.0,2.0,0.0,0.0,0.0,0.0,0.0,0.0,0.0,0.0,1.0,11.3,9.1,0.09144038841934904,0.09
11,Alec Pierce,IND,WR,0.0,0.0,0.0,0.0,0.0,0.0,0.0,0.0,25.0,45.0,391.0,1.0,0.0,0.0,12.0,71.3,0.0,3.401695572168038,3.4
12,Alex Erickson,LAC,WR,0.0,0.0,0.0,0.0,0.0,0.0,0.0,0.0,3.0,5.0,52.0,0.0,0.0,0.0,3.0,0.0,0.0,0.2747191403251692,
13,Alexander Mattison,MIN,RB,0.0,0.0,0.0,0.0,0.0,158.0,594.0,0.0,27.0,40.0,174.0,3.0,3.0,2.0,12.0,73.4,94.6,7.070338289335348,7.07
14,Allen Lazard,NYJ,WR,0.0,0.0,0.0,0.0,0.0,0.0,0.0,0.0,20.0,42.0,290.0,1.0,0.0,0.0,11.0,114.8,79.5,3.2754373562976733,3.27
15,Allen Robinson,PIT,WR,0.0,0.0,0.0,0.0,0.0,0.0,0.0,0.0,26.0,38.0,204.0,0.0,0.0,0.0,11.0,51.9,53.1,1.8234217007002385,1.82
16,Alvin Kamara,NO,RB,0.0,0.0,0.0,0.0,0.0,133.0,508.0,4.0,60.0,69.0,413.0,1.0,0.0,0.0,9.0,162.7,187.7,10.775168708898407,10.77
17,Amari Cooper,CLE,WR,0.0,0.0,0.0,0.0,0.0,0.0,0.0,0.0,50.0,91.0,799.0,2.0,1.0,0.0,12.0,170.0,110.6,7.120330970352843,7.12
18,Amari Rodgers,IND,WR,0.0,0.0,0.0,0.0,0.0,0.0,0.0,0.0,0.0,2.0,0.0,0.0,0.0,0.0,1.0,22.1,5.9,0.19870526883654022,0.19
19,Ameer Abdullah,LV,RB,0.0,0.0,0.0,0.0,0.0,5.0,30.0,0.0,5.0,5.0,42.0,0.0,0.0,0.0,4.0,11.9,46.8,0.6310604564581924,0.63
20,Amon-Ra St. Brown,DET,WR,0.0,0.0,0.0,0.0,0.0,3.0,13.0,0.0,84.0,114.0,1042.0,6.0,1.0,1.0,11.0,161.6,108.3,11.362577646483377,11.36
21,Andrei Iosivas,CIN,WR,0.0,0.0,0.0,0.0,0.0,0.0,0.0,0.0,5.0,8.0,39.0,2.0,0.0,0.0,6.0,0.0,0.0,1.5540785709301517,
22,Andrew Beck,HOU,FB,0.0,0.0,0.0,0.0,0.0,5.0,3.0,1.0,1.0,1.0,8.0,0.0,1.0,1.0,3.0,0.0,0.0,0.6395705521472393,
23,Andy Dalton,CAR,QB,34.0,58.0,361.0,2.0,0.0,2.0,11.0,0.0,0.0,0.0,0.0,0.0,0.0,0.0,1.0,221.0,115.4,2.999358557596545,2.99
24,Anthony Richardson,IND,QB,50.0,84.0,577.0,3.0,1.0,25.0,136.0,4.0,0.0,0.0,0.0,0.0,3.0,1.0,4.0,0.0,0.0,3.3924326370426185,3.39
25,Antoine Green,DET,WR,0.0,0.0,0.0,0.0,0.0,0.0,0.0,0.0,1.0,2.0,2.0,0.0,0.0,0.0,2.0,0.0,0.0,0.027911520480078153,
26,Antonio Gibson,WAS,RB,0.0,0.0,0.0,0.0,0.0,46.0,193.0,0.0,33.0,38.0,258.0,2.0,4.0,2.0,11.0,119.9,193.1,5.475965136987838,5.47
27,Austin Ekeler,LAC,RB,0.0,0.0,0.0,0.0,0.0,126.0,446.0,4.0,31.0,47.0,295.0,1.0,3.0,3.0,9.0,288.0,275.8,9.9021929858432,9.9
28,Austin Hooper,LV,TE,0.0,0.0,0.0,0.0,0.0,0.0,0.0,0.0,15.0,18.0,149.0,0.0,0.0,0.0,11.0,56.4,47.6,0.6364684015571331,0.63
29,Austin Trammell,LAR,WR,0.0,0.0,0.0,0.0,0.0,0.0,0.0,0.0,4.0,7.0,29.0,0.0,0.0,0.0,2.0,1.3,0.0,0.21052323924563557,0.21
30,Bailey Zappe,NE,QB,32.0,64.0,299.0,0.0,2.0,4.0,16.0,0.0,0.0,0.0,0.0,0.0,0.0,0.0,5.0,58.5,0.0,0.8831141878150444,0.88
31,Baker Mayfield,TB,QB,260.0,409.0,2790.0,18.0,8.0,46.0,151.0,0.0,0.0,0.0,0.0,0.0,7.0,2.0,12.0,100.9,239.0,11.3038429989892,11.3
32,Ben Sims,GB,TE,0.0,0.0,0.0,0.0,0.0,0.0,0.0,0.0,3.0,4.0,15.0,1.0,0.0,0.0,4.0,0.0,0.0,-0.23193634535754115,
33,Ben Skowronek,LAR,WR,0.0,0.0,0.0,0.0,0.0,1.0,11.0,0.0,6.0,10.0,44.0,1.0,0.0,0.0,7.0,45.3,11.6,1.4003578544523123,1.4
34,Bijan Robinson,ATL,RB,0.0,0.0,0.0,0.0,0.0,159.0,756.0,3.0,35.0,54.0,266.0,3.0,2.0,2.0,12.0,0.0,0.0,9.69161554192229,9.69
35,Blaine Gabbert,KC,QB,3.0,5.0,31.0,0.0,2.0,2.0,-1.0,0.0,0.0,0.0,0.0,0.0,0.0,0.0,1.0,5.5,3.0,-0.17491107044302404,-0.17
36,Blake Bell,KC,TE,0.0,0.0,0.0,0.0,0.0,0.0,0.0,0.0,3.0,5.0,19.0,1.0,1.0,1.0,3.0,8.4,8.9,-0.14828131629700936,-0.14
37,Boston Scott,PHI,RB,0.0,0.0,0.0,0.0,0.0,13.0,69.0,0.0,3.0,4.0,48.0,0.0,0.0,0.0,6.0,60.2,96.6,1.185302109454207,1.18
38,Brandin Cooks,DAL,WR,0.0,0.0,0.0,0.0,0.0,3.0,23.0,0.0,37.0,52.0,497.0,5.0,1.0,0.0,11.0,88.6,120.2,6.916359735932724,6.91
39,Brandon Aiyuk,SF,WR,0.0,0.0,0.0,0.0,0.0,0.0,0.0,0.0,50.0,72.0,927.0,6.0,0.0,0.0,11.0,162.7,136.1,10.174365937374674,10.17
40,Brandon Johnson,DEN,WR,0.0,0.0,0.0,0.0,0.0,0.0,0.0,0.0,8.0,13.0,122.0,3.0,0.0,0.0,6.0,10.2,0.0,2.6962736576768958,2.69
41,Brandon Powell,MIN,WR,0.0,0.0,0.0,0.0,0.0,5.0,17.0,0.0,25.0,34.0,269.0,1.0,0.0,0.0,9.0,22.4,0.0,2.5260833874115907,2.52
42,Braxton Berrios,MIA,WR,0.0,0.0,0.0,0.0,0.0,1.0,11.0,0.0,20.0,26.0,194.0,1.0,1.0,0.0,9.0,37.5,47.7,2.2275121877315516,2.22
43,Breece Hall,NYJ,RB,0.0,0.0,0.0,0.0,0.0,137.0,585.0,2.0,44.0,57.0,349.0,2.0,2.0,0.0,12.0,98.1,0.0,9.23554983600734,9.23
44,Brenton Strange,JAX,TE,0.0,0.0,0.0,0.0,0.0,0.0,0.0,0.0,4.0,7.0,34.0,1.0,0.0,0.0,4.0,0.0,0.0,-0.02288651324520896,-0.02
45,Brett Rypien,LAR,QB,18.0,38.0,172.0,0.0,1.0,3.0,19.0,0.0,0.0,0.0,0.0,0.0,2.0,1.0,2.0,32.9,0.0,0.5473649149477234,0.54
46,Brevin Jordan,HOU,TE,0.0,0.0,0.0,0.0,0.0,0.0,0.0,0.0,9.0,11.0,124.0,1.0,0.0,0.0,5.0,12.8,77.1,1.0434906781100097,1.04
47,Brian Hoyer,LV,QB,23.0,42.0,231.0,0.0,2.0,3.0,-3.0,0.0,0.0,0.0,0.0,0.0,0.0,0.0,2.0,1.9,15.0,0.26939140911371184,0.26
48,Brian Robinson,WAS,RB,0.0,0.0,0.0,0.0,0.0,160.0,664.0,5.0,29.0,36.0,326.0,3.0,3.0,1.0,13.0,103.7,0.0,11.26716399523559,11.26
49,Brock Purdy,SF,QB,233.0,332.0,3185.0,23.0,6.0,35.0,131.0,2.0,0.0,0.0,0.0,0.0,6.0,2.0,12.0,176.7,0.0,14.867413042654325,14.86
50,Brock Wright,DET,TE,0.0,0.0,0.0,0.0,0.0,0.0,0.0,0.0,11.0,12.0,85.0,1.0,0.0,0.0,7.0,45.6,16.3,0.9005027466399937,0.9
51,Bryce Young,CAR,QB,231.0,381.0,2055.0,9.0,9.0,25.0,161.0,0.0,0.0,0.0,0.0,0.0,7.0,4.0,11.0,0.0,0.0,6.345114746019645,6.34
52,Brycen Hopkins,LAR,TE,0.0,0.0,0.0,0.0,0.0,0.0,0.0,0.0,3.0,4.0,31.0,0.0,0.0,0.0,3.0,10.9,67.2,-1.0632544791955532,-1.06
53,Byron Pringle,WAS,WR,0.0,0.0,0.0,0.0,0.0,0.0,0.0,0.0,13.0,18.0,156.0,0.0,1.0,1.0,9.0,25.5,86.1,1.131864103720535,1.13
54,C.J. Beathard,JAX,QB,12.0,14.0,77.0,0.0,0.0,1.0,7.0,0.0,0.0,0.0,0.0,0.0,1.0,0.0,3.0,1.8,1.7,0.21242487040923594,0.21
55,C.J. Stroud,HOU,QB,265.0,418.0,3540.0,20.0,5.0,35.0,143.0,3.0,1.0,1.0,0.0,0.0,7.0,4.0,12.0,0.0,0.0,14.084486923792502,14.08
56,C.J. Uzomah,NYJ,TE,0.0,0.0,0.0,0.0,0.0,0.0,0.0,0.0,8.0,12.0,58.0,1.0,0.0,0.0,7.0,35.2,65.2,0.5047940207655266,0.5
57,Cade Otton,TB,TE,0.0,0.0,0.0,0.0,0.0,0.0,0.0,0.0,38.0,50.0,348.0,3.0,1.0,1.0,11.0,56.9,0.0,6.2965500981434275,6.29
58,Calvin Austin,PIT,WR,0.0,0.0,0.0,0.0,0.0,7.0,29.0,0.0,17.0,28.0,180.0,1.0,0.0,0.0,10.0,0.0,0.0,1.8481264391877747,
59,Calvin Ridley,JAX,WR,0.0,0.0,0.0,0.0,0.0,8.0,35.0,0.0,51.0,84.0,689.0,5.0,1.0,0.0,12.0,0.0,31.7,7.241225315749075,
60,Cam Akers,LAR,RB,0.0,0.0,0.0,0.0,0.0,60.0,167.0,2.0,11.0,12.0,70.0,0.0,0.0,0.0,7.0,529.2,104.4,6.960646431527778,6.96
61,Cedric Tillman,CLE,WR,0.0,0.0,0.0,0.0,0.0,1.0,8.0,0.0,9.0,20.0,85.0,0.0,0.0,0.0,6.0,0.0,0.0,0.5625915846765753,0.56
62,Cedrick Wilson,MIA,WR,0.0,0.0,0.0,0.0,0.0,0.0,0.0,0.0,12.0,19.0,171.0,2.0,0.0,0.0,6.0,15.8,82.8,2.381436957952444,2.38
63,CeeDee Lamb,DAL,WR,0.0,0.0,0.0,0.0,0.0,9.0,84.0,1.0,90.0,121.0,1182.0,7.0,2.0,1.0,12.0,219.7,170.0,14.172768371735076,14.17
64,Charlie Jones,CIN,WR,0.0,0.0,0.0,0.0,0.0,0.0,0.0,0.0,1.0,2.0,6.0,0.0,0.0,0.0,1.0,0.0,0.0,0.044518875165724656,0.04
65,Charlie Kolar,BAL,TE,0.0,0.0,0.0,0.0,0.0,0.0,0.0,0.0,1.0,2.0,13.0,0.0,0.0,0.0,2.0,4.9,0.0,-1.322025230809521,-1.32
66,Charlie Woerner,SF,TE,0.0,0.0,0.0,0.0,0.0,0.0,0.0,0.0,1.0,1.0,9.0,0.0,0.0,0.0,1.0,0.0,0.0,-1.3867987637362638,-1.38
67,Chase Brown,CIN,RB,0.0,0.0,0.0,0.0,0.0,11.0,67.0,0.0,1.0,1.0,8.0,0.0,0.0,0.0,3.0,0.0,0.0,0.4167689161554192,0.41
68,Chase Claypool,MIA,WR,0.0,0.0,0.0,0.0,0.0,0.0,0.0,0.0,5.0,16.0,66.0,1.0,0.0,0.0,4.0,186.8,424.4,2.698673428572551,2.69
69,Chase Edmonds,TB,RB,0.0,0.0,0.0,0.0,0.0,21.0,55.0,0.0,6.0,8.0,26.0,0.0,0.0,0.0,8.0,18.6,105.1,0.7646229272000556,0.76
70,Chigoziem Okonkwo,TEN,TE,0.0,0.0,0.0,0.0,0.0,2.0,6.0,0.0,35.0,54.0,313.0,0.0,0.0,0.0,12.0,63.2,0.0,2.841328580614624,2.84
71,Chris Brooks,MIA,RB,0.0,0.0,0.0,0.0,0.0,15.0,94.0,0.0,0.0,0.0,0.0,0.0,0.0,0.0,2.0,0.0,0.0,0.4805725971370144,
72,Chris Evans,CIN,RB,0.0,0.0,0.0,0.0,0.0,2.0,12.0,0.0,1.0,1.0,-1.0,0.0,0.0,0.0,1.0,0.0,28.8,0.08957055214723926,
73,Chris Godwin,TB,WR,0.0,1.0,0.0,0.0,0.0,2.0,33.0,1.0,53.0,85.0,606.0,1.0,0.0,0.0,12.0,129.3,162.7,6.148918934888649,6.14
74,Chris Manhertz,DEN,TE,0.0,0.0,0.0,0.0,0.0,0.0,0.0,0.0,2.0,4.0,16.0,0.0,0.0,0.0,4.0,4.2,7.4,-1.2701094512817,-1.27
75,Chris Moore,TEN,WR,0.0,0.0,0.0,0.0,0.0,2.0,39.0,0.0,13.0,21.0,292.0,0.0,1.0,0.0,10.0,67.1,33.9,2.232469318439292,2.23
76,Chris Olave,NO,WR,0.0,0.0,0.0,0.0,0.0,0.0,0.0,0.0,68.0,111.0,890.0,3.0,0.0,0.0,12.0,128.2,0.0,8.12231660450255,8.12
77,Chris Rodriguez,WAS,RB,0.0,0.0,0.0,0.0,0.0,31.0,154.0,0.0,1.0,1.0,5.0,0.0,1.0,1.0,6.0,0.0,0.0,0.8462167689161554,0.84
78,Christian Kirk,JAX,WR,1.0,2.0,-1.0,0.0,0.0,1.0,6.0,0.0,57.0,85.0,787.0,3.0,2.0,2.0,12.0,186.7,146.3,8.025734675349955,8.02
79,Christian McCaffrey,SF,RB,0.0,0.0,0.0,0.0,0.0,210.0,1032.0,12.0,51.0,62.0,429.0,5.0,3.0,2.0,12.0,234.6,90.5,20.41772472179718,20.41
80,Christian Watson,GB,WR,0.0,0.0,0.0,0.0,0.0,4.0,11.0,0.0,28.0,53.0,422.0,5.0,0.0,0.0,9.0,123.1,0.0,6.688875191196864,6.68
81,Chuba Hubbard,CAR,RB,0.0,0.0,0.0,0.0,0.0,143.0,557.0,4.0,28.0,32.0,165.0,0.0,1.0,0.0,12.0,75.7,114.2,7.437109559012536,7.43
82,Clayton Tune,ARI,QB,12.0,21.0,62.0,0.0,2.0,5.0,28.0,0.0,0.0,0.0,0.0,0.0,1.0,1.0,2.0,0.0,0.0,-0.07198832988431658,-0.07
83,Clyde Edwards-Helaire,KC,RB,0.0,0.0,0.0,0.0,0.0,40.0,140.0,1.0,7.0,9.0,44.0,0.0,0.0,0.0,11.0,81.3,111.5,2.3819139022898663,2.38
84,Cody Thompson,SEA,WR,0.0,0.0,0.0,0.0,0.0,0.0,0.0,0.0,1.0,1.0,10.0,0.0,0.0,0.0,1.0,0.0,0.0,0.06112622985137115,
85,Colby Parkinson,SEA,TE,0.0,0.0,0.0,0.0,0.0,0.0,0.0,0.0,14.0,20.0,150.0,0.0,0.0,0.0,9.0,45.6,3.0,0.5608528587863013,0.56
86,Cole Kmet,CHI,TE,0.0,0.0,0.0,0.0,0.0,3.0,2.0,0.0,56.0,68.0,482.0,5.0,1.0,0.0,11.0,97.3,77.4,10.389868935939196,10.38
87,Cole Turner,WAS,TE,0.0,0.0,0.0,0.0,0.0,0.0,0.0,0.0,11.0,15.0,120.0,0.0,0.0,0.0,7.0,2.3,0.0,-0.041096509500360145,-0.04
88,Colton Dowell,TEN,WR,0.0,0.0,0.0,0.0,0.0,0.0,0.0,0.0,0.0,1.0,0.0,0.0,0.0,0.0,1.0,0.0,0.0,0.0,
89,Connor Heyward,PIT,TE,0.0,0.0,0.0,0.0,0.0,1.0,0.0,0.0,19.0,30.0,148.0,0.0,0.0,0.0,9.0,23.8,0.0,0.5587658922689829,0.55
90,Cooper Kupp,LAR,WR,0.0,0.0,0.0,0.0,0.0,0.0,0.0,0.0,33.0,59.0,432.0,2.0,0.0,0.0,8.0,128.4,243.6,4.889239397389721,4.88
91,Cooper Rush,DAL,QB,15.0,20.0,114.0,0.0,1.0,12.0,-5.0,0.0,0.0,0.0,0.0,0.0,0.0,0.0,6.0,73.2,32.3,0.6425127434550311,0.64
92,Cordarrelle Patterson,ATL,RB,0.0,0.0,0.0,0.0,0.0,30.0,130.0,0.0,5.0,6.0,22.0,0.0,1.0,0.0,7.0,129.7,182.6,1.9933042305657018,1.99
93,Courtland Sutton,DEN,WR,0.0,0.0,0.0,0.0,0.0,0.0,0.0,0.0,50.0,75.0,637.0,9.0,3.0,3.0,12.0,95.4,113.0,10.30640219810878,10.3
94,Craig Reynolds,DET,RB,0.0,0.0,0.0,0.0,0.0,41.0,179.0,1.0,5.0,5.0,47.0,0.0,1.0,1.0,6.0,21.8,28.2,2.0484930105919514,2.04
95,Curtis Samuel,WAS,WR,0.0,0.0,0.0,0.0,0.0,4.0,20.0,1.0,51.0,68.0,508.0,2.0,0.0,0.0,12.0,113.0,8.4,6.149351604864118,6.14
96,D'Andre Swift,PHI,RB,0.0,0.0,0.0,0.0,0.0,167.0,783.0,4.0,36.0,45.0,208.0,1.0,3.0,1.0,12.0,141.1,148.9,10.15825321246528,
97,D'Ernest Johnson,JAX,RB,0.0,0.0,0.0,0.0,0.0,31.0,90.0,0.0,8.0,9.0,124.0,0.0,0.0,0.0,10.0,1.7,85.1,1.3744927149307788,
98,D'Onta Foreman,CHI,RB,0.0,0.0,0.0,0.0,0.0,92.0,381.0,4.0,9.0,13.0,55.0,1.0,1.0,0.0,7.0,124.0,93.5,6.282455506487078,
99,DJ Chark,CAR,WR,0.0,0.0,0.0,0.0,0.0,0.0,0.0,0.0,23.0,42.0,319.0,3.0,0.0,0.0,9.0,68.2,110.1,4.329792463841789,4.32
100,DJ Moore,CHI,WR,0.0,0.0,0.0,0.0,0.0,1.0,1.0,0.0,70.0,93.0,1003.0,6.0,1.0,1.0,12.0,136.1,166.4,10.647048760123809,10.64
101,DK Metcalf,SEA,WR,0.0,0.0,0.0,0.0,0.0,0.0,0.0,0.0,49.0,88.0,812.0,6.0,0.0,0.0,11.0,166.4,120.3,9.710564044975092,9.71
102,Dak Prescott,DAL,QB,288.0,411.0,3234.0,26.0,6.0,41.0,174.0,2.0,0.0,0.0,0.0,0.0,1.0,0.0,12.0,315.4,416.5,16.873024439334795,16.87
103,Dallas Goedert,PHI,TE,0.0,0.0,0.0,0.0,0.0,0.0,0.0,0.0,38.0,52.0,410.0,2.0,0.0,0.0,9.0,108.3,116.3,6.124621389042799,6.12
104,Dalton Kincaid,BUF,TE,0.0,0.0,0.0,0.0,0.0,0.0,0.0,0.0,56.0,64.0,474.0,2.0,1.0,1.0,11.0,0.0,0.0,6.638679964962574,6.63
105,Dalton Schultz,HOU,TE,0.0,0.0,0.0,0.0,0.0,0.0,0.0,0.0,40.0,61.0,455.0,5.0,1.0,1.0,11.0,117.9,93.9,9.79203909950857,9.79
106,Dalvin Cook,NYJ,RB,0.0,0.0,0.0,0.0,0.0,59.0,197.0,0.0,13.0,18.0,77.0,0.0,2.0,2.0,12.0,213.8,174.3,3.5642358464165245,3.56
107,Dameon Pierce,HOU,RB,0.0,0.0,0.0,0.0,0.0,129.0,382.0,2.0,10.0,13.0,88.0,0.0,0.0,0.0,9.0,140.4,0.0,4.972322914954388,4.97
108,Damien Harris,BUF,RB,0.0,0.0,0.0,0.0,0.0,23.0,94.0,1.0,2.0,2.0,16.0,0.0,0.0,0.0,6.0,73.9,199.8,1.7770428109287255,1.77
109,Damien Williams,ARI,RB,0.0,0.0,0.0,0.0,0.0,11.0,43.0,0.0,2.0,2.0,12.0,0.0,0.0,0.0,3.0,0.2,35.4,0.3494711746905211,0.34
110,Damiere Byrd,ATL,WR,0.0,0.0,0.0,0.0,0.0,0.0,0.0,0.0,0.0,2.0,0.0,0.0,0.0,0.0,1.0,38.8,45.6,0.3488581190433375,0.34
111,Daniel Bellinger,NYG,TE,0.0,0.0,0.0,0.0,0.0,0.0,0.0,0.0,13.0,15.0,145.0,0.0,0.0,0.0,9.0,53.1,0.0,0.5264514097201225,0.52
112,Daniel Jones,NYG,QB,108.0,160.0,909.0,2.0,6.0,40.0,206.0,1.0,0.0,0.0,0.0,0.0,4.0,1.0,6.0,373.1,204.8,5.263847930332592,5.26
113,Dare Ogunbowale,HOU,RB,0.0,0.0,0.0,0.0,0.0,3.0,5.0,0.0,1.0,1.0,14.0,0.0,0.0,0.0,2.0,26.9,34.7,0.34814702450494217,0.34
114,Darius Slayton,NYG,WR,0.0,0.0,0.0,0.0,0.0,0.0,0.0,0.0,32.0,53.0,435.0,1.0,0.0,0.0,12.0,93.9,46.5,3.9248322388250427,3.92
115,Darnell Mooney,CHI,WR,0.0,0.0,0.0,0.0,0.0,2.0,5.0,0.0,25.0,42.0,351.0,1.0,0.0,0.0,11.0,61.5,161.2,3.168267570044283,3.16
116,Darnell Washington,PIT,TE,0.0,0.0,0.0,0.0,0.0,0.0,0.0,0.0,5.0,7.0,41.0,0.0,0.0,0.0,6.0,0.0,0.0,-0.972333257020757,-0.97
117,Darrell Henderson,LAR,RB,0.0,0.0,0.0,0.0,0.0,46.0,112.0,2.0,10.0,14.0,103.0,0.0,0.0,0.0,4.0,53.5,139.4,2.9654410702051868,2.96
118,Darren Waller,NYG,TE,0.0,0.0,0.0,0.0,0.0,0.0,0.0,0.0,36.0,51.0,384.0,1.0,0.0,0.0,8.0,56.8,89.7,4.500234050141134,4.5
119,Darrynton Evans,MIA,RB,0.0,0.0,0.0,0.0,0.0,32.0,121.0,1.0,7.0,12.0,49.0,0.0,0.0,0.0,6.0,19.4,3.6,1.8094401412995633,1.8
120,Davante Adams,LV,WR,0.0,0.0,0.0,0.0,0.0,0.0,0.0,0.0,69.0,118.0,814.0,4.0,0.0,0.0,12.0,235.5,236.2,9.438198072692195,9.43
121,David Bell,CLE,WR,0.0,0.0,0.0,0.0,0.0,0.0,0.0,0.0,6.0,11.0,45.0,0.0,0.0,0.0,5.0,21.4,0.0,0.4968912358289964,0.49
122,David Montgomery,DET,RB,0.0,0.0,0.0,0.0,0.0,151.0,704.0,10.0,9.0,15.0,87.0,0.0,2.0,1.0,9.0,147.7,157.0,11.039165985432437,11.03
123,David Moore,TB,WR,0.0,0.0,0.0,0.0,0.0,0.0,0.0,0.0,0.0,1.0,0.0,0.0,0.0,0.0,1.0,0.0,0.0,0.0,
124,David Njoku,CLE,TE,0.0,0.0,0.0,0.0,0.0,0.0,0.0,0.0,53.0,84.0,509.0,2.0,1.0,1.0,12.0,86.0,77.0,7.357282884005757,7.35
125,David Wells,TB,TE,0.0,0.0,0.0,0.0,0.0,0.0,0.0,0.0,2.0,2.0,-10.0,0.0,1.0,0.0,1.0,0.0,0.0,-1.5419735958485958,
126,Davis Allen,LAR,TE,0.0,0.0,0.0,0.0,0.0,0.0,0.0,0.0,1.0,1.0,6.0,0.0,0.0,0.0,1.0,0.0,0.0,-1.4155533424908424,-1.41
127,Davis Mills,HOU,QB,2.0,2.0,20.0,0.0,0.0,0.0,0.0,0.0,0.0,0.0,0.0,0.0,0.0,0.0,2.0,0.0,0.0,0.04749465685110425,0.04
128,Dawson Knox,BUF,TE,0.0,0.0,0.0,0.0,0.0,0.0,0.0,0.0,15.0,28.0,102.0,1.0,0.0,0.0,7.0,102.2,97.2,1.476536125631878,1.47
129,De'Von Achane,MIA,RB,0.0,0.0,0.0,0.0,0.0,56.0,534.0,7.0,13.0,16.0,101.0,2.0,1.0,1.0,6.0,0.0,0.0,8.629754601226995,
130,DeAndre Carter,LV,WR,0.0,0.0,0.0,0.0,0.0,2.0,3.0,0.0,3.0,6.0,36.0,0.0,1.0,0.0,6.0,72.0,33.8,0.8681108193267227,0.86
131,DeAndre Hopkins,TEN,WR,0.0,0.0,0.0,0.0,0.0,2.0,9.0,0.0,50.0,95.0,774.0,5.0,0.0,0.0,12.0,89.7,71.9,8.273085574796946,8.27
132,DeVante Parker,NE,WR,0.0,0.0,0.0,0.0,0.0,0.0,0.0,0.0,22.0,39.0,264.0,0.0,0.0,0.0,9.0,71.9,206.8,2.173924421138668,2.17
133,DeVonta Smith,PHI,WR,0.0,0.0,0.0,0.0,0.0,0.0,0.0,0.0,64.0,87.0,834.0,6.0,0.0,0.0,12.0,187.3,113.5,10.283937985279344,10.28
134,Dee Eskridge,SEA,WR,0.0,0.0,0.0,0.0,0.0,0.0,0.0,0.0,0.0,1.0,0.0,0.0,0.0,0.0,1.0,0.0,0.0,0.0,0.0
135,DeeJay Dallas,SEA,RB,0.0,0.0,0.0,0.0,0.0,9.0,34.0,0.0,4.0,6.0,27.0,0.0,1.0,1.0,6.0,32.5,39.1,0.7081865416064037,0.7
136,Deebo Samuel,SF,WR,0.0,1.0,0.0,0.0,0.0,26.0,154.0,4.0,38.0,53.0,590.0,3.0,1.0,0.0,9.0,146.9,223.5,9.684283385953526,9.68
137,Demarcus Robinson,LAR,WR,0.0,0.0,0.0,0.0,0.0,0.0,0.0,0.0,9.0,10.0,107.0,1.0,0.0,0.0,4.0,68.7,196.7,1.8854708088397005,1.88
138,Demario Douglas,NE,WR,0.0,0.0,0.0,0.0,0.0,4.0,29.0,0.0,36.0,55.0,410.0,0.0,3.0,1.0,10.0,0.0,0.0,2.52853952969088,2.52
139,Deon Jackson,NYG,RB,0.0,0.0,0.0,0.0,0.0,14.0,16.0,0.0,5.0,6.0,14.0,0.0,2.0,2.0,2.0,222.4,36.4,2.119717217004636,2.11
140,Deonte Harty,BUF,WR,0.0,0.0,0.0,0.0,0.0,4.0,0.0,0.0,13.0,19.0,113.0,1.0,1.0,0.0,10.0,1.3,65.6,1.3828070994089179,1.38
141,Derek Carr,NO,QB,261.0,394.0,2761.0,11.0,6.0,23.0,39.0,0.0,0.0,0.0,0.0,0.0,6.0,3.0,12.0,282.3,364.5,10.71741598547647,10.71
142,Derius Davis,LAC,WR,0.0,0.0,0.0,0.0,0.0,8.0,64.0,0.0,12.0,13.0,44.0,0.0,2.0,0.0,9.0,0.0,0.0,0.6836926941595143,0.68
143,Derrick Gore,WAS,RB,0.0,0.0,0.0,0.0,0.0,2.0,23.0,0.0,0.0,0.0,0.0,0.0,0.0,0.0,1.0,0.0,0.0,0.11758691206543968,
144,Derrick Henry,TEN,RB,1.0,2.0,2.0,1.0,0.0,197.0,841.0,8.0,22.0,28.0,185.0,0.0,0.0,0.0,12.0,275.8,185.6,13.17074989822857,13.17
145,Deshaun Watson,CLE,QB,105.0,171.0,1115.0,7.0,4.0,26.0,142.0,1.0,0.0,0.0,0.0,0.0,5.0,2.0,6.0,106.6,0.0,5.285642336362599,5.28
146,Desmond Ridder,ATL,QB,186.0,294.0,2029.0,8.0,8.0,42.0,180.0,4.0,1.0,1.0,-6.0,0.0,8.0,6.0,11.0,49.8,0.0,7.604783001357977,7.6
147,Deuce Vaughn,DAL,RB,0.0,0.0,0.0,0.0,0.0,21.0,38.0,0.0,6.0,6.0,30.0,0.0,0.0,0.0,5.0,0.0,0.0,0.5476482617586913,0.54
148,Deven Thompkins,TB,WR,0.0,0.0,0.0,0.0,0.0,6.0,46.0,0.0,15.0,22.0,82.0,1.0,1.0,1.0,8.0,5.8,0.0,1.5247607146127213,1.52
149,Devin Duvernay,BAL,WR,0.0,0.0,0.0,0.0,0.0,3.0,15.0,0.0,4.0,9.0,18.0,0.0,0.0,0.0,5.0,73.1,50.1,0.8726979379341593,0.87
150,Devin Singletary,HOU,RB,1.0,1.0,6.0,1.0,0.0,128.0,525.0,2.0,19.0,22.0,117.0,0.0,0.0,0.0,11.0,156.9,190.3,6.865862516083931,6.86
151,Devine Ozigbo,DET,RB,0.0,0.0,0.0,0.0,0.0,3.0,5.0,0.0,1.0,1.0,8.0,0.0,0.0,0.0,1.0,0.4,0.4,0.10303232893114443,0.1
152,Diontae Johnson,PIT,WR,0.0,0.0,0.0,0.0,0.0,0.0,0.0,0.0,34.0,60.0,418.0,2.0,0.0,0.0,8.0,90.7,155.8,4.511753687582527,4.51
153,Donald Parham,LAC,TE,0.0,0.0,0.0,0.0,0.0,0.0,0.0,0.0,21.0,32.0,191.0,4.0,0.0,0.0,10.0,21.3,21.8,5.1852161149435,5.18
154,Donovan Peoples-Jones,DET,WR,0.0,0.0,0.0,0.0,0.0,0.0,0.0,0.0,8.0,20.0,97.0,0.0,1.0,0.0,8.0,204.2,147.0,2.3955918155200573,2.39
155,Dontayvion Wicks,GB,WR,1.0,1.0,14.0,0.0,0.0,1.0,1.0,0.0,23.0,36.0,374.0,1.0,2.0,1.0,11.0,0.0,0.0,2.7131044588653968,2.71
156,Dorian Thompson-Robinson,CLE,QB,58.0,109.0,429.0,1.0,4.0,12.0,65.0,0.0,0.0,0.0,0.0,0.0,2.0,0.0,4.0,0.0,0.0,0.8648473475305456,0.86
157,Drake London,ATL,WR,1.0,1.0,22.0,0.0,0.0,0.0,0.0,0.0,46.0,73.0,573.0,2.0,0.0,0.0,11.0,110.6,0.0,5.660847903908681,5.66
158,Drew Lock,SEA,QB,4.0,12.0,66.0,0.0,1.0,1.0,11.0,0.0,0.0,0.0,0.0,0.0,0.0,0.0,2.0,0.0,64.8,0.03999728601960853,
159,Drew Ogletree,IND,TE,0.0,0.0,0.0,0.0,0.0,0.0,0.0,0.0,9.0,18.0,147.0,2.0,0.0,0.0,8.0,0.0,0.0,2.238368380713489,
160,Drew Sample,CIN,TE,0.0,0.0,0.0,0.0,0.0,0.0,0.0,0.0,12.0,15.0,93.0,2.0,0.0,0.0,9.0,-0.2,14.2,1.8005195204948552,1.8
161,Durham Smythe,MIA,TE,0.0,0.0,0.0,0.0,0.0,0.0,0.0,0.0,18.0,25.0,178.0,0.0,0.0,0.0,8.0,27.0,54.9,0.8366372619942344,0.83
162,Dyami Brown,WAS,WR,0.0,0.0,0.0,0.0,0.0,0.0,0.0,0.0,12.0,22.0,168.0,1.0,0.0,0.0,10.0,27.8,19.8,1.829816882030448,1.82
163,Elijah Dotson,LAC,RB,0.0,0.0,0.0,0.0,0.0,4.0,6.0,0.0,2.0,2.0,13.0,0.0,0.0,0.0,1.0,0.0,0.0,0.1638036809815951,
164,Elijah Higgins,ARI,TE,0.0,0.0,0.0,0.0,0.0,0.0,0.0,0.0,4.0,8.0,49.0,0.0,0.0,0.0,5.0,0.0,0.0,-0.9225918803418803,
165,Elijah Mitchell,SF,RB,0.0,0.0,0.0,0.0,0.0,44.0,149.0,0.0,4.0,6.0,-1.0,0.0,0.0,0.0,9.0,54.4,174.6,1.3301881456785847,1.33
166,Elijah Moore,CLE,WR,0.0,0.0,0.0,0.0,0.0,9.0,11.0,0.0,47.0,85.0,501.0,1.0,2.0,2.0,12.0,51.1,62.9,4.153818589998674,4.15
167,Emanuel Wilson,GB,RB,0.0,0.0,0.0,0.0,0.0,14.0,85.0,0.0,4.0,5.0,23.0,0.0,1.0,0.0,5.0,0.0,0.0,0.685480572597137,
168,Emari Demercado,ARI,RB,0.0,0.0,0.0,0.0,0.0,52.0,210.0,1.0,12.0,16.0,64.0,0.0,0.0,0.0,8.0,0.0,0.0,2.3508179959100204,
169,Equanimeous St. Brown,CHI,WR,0.0,0.0,0.0,0.0,0.0,0.0,0.0,0.0,4.0,5.0,44.0,0.0,0.0,0.0,4.0,42.7,15.5,0.6450360288115051,0.64
170,Eric Gray,NYG,RB,0.0,0.0,0.0,0.0,0.0,13.0,27.0,0.0,1.0,1.0,1.0,0.0,1.0,0.0,2.0,0.0,0.0,0.17648261758691206,
171,Eric Saubert,HOU,TE,0.0,0.0,0.0,0.0,0.0,0.0,0.0,0.0,1.0,1.0,5.0,0.0,0.0,0.0,1.0,0.0,0.0,-1.425138202075702,-1.42
172,Erik Ezukanma,MIA,WR,0.0,0.0,0.0,0.0,0.0,3.0,5.0,0.0,0.0,1.0,0.0,0.0,0.0,0.0,1.0,0.3,0.0,0.023456549947599395,0.02
173,Evan Engram,JAX,TE,0.0,0.0,0.0,0.0,0.0,0.0,0.0,0.0,73.0,91.0,606.0,1.0,2.0,1.0,12.0,120.3,73.1,7.967324664978703,7.96
174,Evan Hull,IND,RB,0.0,0.0,0.0,0.0,0.0,1.0,1.0,0.0,1.0,1.0,6.0,0.0,0.0,0.0,1.0,0.0,0.0,0.06912065439672802,0.06
175,Ezekiel Elliott,NE,RB,0.0,0.0,0.0,0.0,0.0,112.0,429.0,2.0,24.0,31.0,154.0,0.0,2.0,1.0,12.0,175.7,204.2,6.302349256011317,6.3
176,Foster Moreau,NO,TE,0.0,0.0,0.0,0.0,0.0,0.0,0.0,0.0,13.0,14.0,143.0,1.0,0.0,0.0,6.0,54.2,73.7,1.5566941359191593,1.55
177,Gabe Davis,BUF,WR,0.0,0.0,0.0,0.0,0.0,1.0,-2.0,0.0,39.0,67.0,595.0,6.0,1.0,1.0,11.0,146.3,98.4,8.424510052997132,8.42
178,Gardner Minshew,IND,QB,213.0,339.0,2284.0,10.0,7.0,23.0,52.0,3.0,0.0,0.0,0.0,0.0,8.0,5.0,11.0,51.6,40.1,8.339584818646403,8.33
179,Garrett Wilson,NYJ,WR,0.0,1.0,0.0,0.0,0.0,1.0,6.0,0.0,67.0,120.0,745.0,3.0,2.0,2.0,12.0,134.7,0.0,7.584045912167474,7.58
180,Gary Brightwell,NYG,RB,0.0,0.0,0.0,0.0,0.0,9.0,19.0,0.0,5.0,7.0,47.0,0.0,0.0,0.0,3.0,25.0,0.4,0.7063917238406975,0.7
181,Geno Smith,SEA,QB,259.0,402.0,2918.0,15.0,9.0,30.0,92.0,1.0,1.0,1.0,-2.0,0.0,3.0,2.0,12.0,400.2,65.3,12.946627373906907,12.94
182,Geoff Swaim,ARI,TE,0.0,0.0,0.0,0.0,0.0,0.0,0.0,0.0,9.0,10.0,68.0,0.0,0.0,0.0,6.0,11.8,29.5,-0.5421344326927744,-0.54
183,George Kittle,SF,TE,0.0,0.0,0.0,0.0,0.0,1.0,2.0,0.0,50.0,67.0,735.0,5.0,0.0,0.0,12.0,159.3,137.2,12.98768562813579,12.98
184,George Pickens,PIT,WR,0.0,0.0,0.0,0.0,0.0,2.0,15.0,0.0,44.0,78.0,748.0,3.0,1.0,0.0,12.0,112.5,0.0,6.983283196367498,6.98
185,Gerald Everett,LAC,TE,0.0,0.0,0.0,0.0,0.0,2.0,4.0,0.0,29.0,36.0,254.0,3.0,2.0,0.0,10.0,96.4,60.1,5.404566406158825,5.4
186,Giovanni Ricci,CAR,TE,0.0,0.0,0.0,0.0,0.0,0.0,0.0,0.0,1.0,1.0,2.0,0.0,0.0,0.0,1.0,10.0,27.6,-1.3999456490194555,-1.39
187,Greg Dortch,ARI,WR,0.0,0.0,0.0,0.0,0.0,0.0,0.0,0.0,11.0,22.0,124.0,1.0,0.0,0.0,5.0,63.1,1.2,1.9449170961714375,1.94
188,Greg Dulcich,DEN,TE,0.0,0.0,0.0,0.0,0.0,0.0,0.0,0.0,3.0,4.0,25.0,0.0,0.0,0.0,2.0,53.1,0.0,-0.8931067404630275,-0.89
189,Gunner Olszewski,PIT,WR,0.0,0.0,0.0,0.0,0.0,0.0,0.0,0.0,1.0,1.0,0.0,0.0,1.0,1.0,1.0,5.3,2.8,0.06726114290348399,0.06
190,Gus Edwards,BAL,RB,0.0,0.0,0.0,0.0,0.0,141.0,590.0,10.0,10.0,11.0,130.0,0.0,1.0,0.0,12.0,66.5,0.0,10.052437568238341,10.05
191,Harrison Bryant,CLE,TE,0.0,0.0,0.0,0.0,0.0,3.0,4.0,0.0,10.0,15.0,61.0,3.0,1.0,1.0,9.0,30.7,32.8,2.6884433502838023,2.68
192,Hayden Hurst,CAR,TE,0.0,0.0,0.0,0.0,0.0,0.0,0.0,0.0,18.0,32.0,184.0,1.0,0.0,0.0,9.0,73.5,28.4,2.1884788432932956,2.18
193,Hunter Henry,NE,TE,0.0,0.0,0.0,0.0,0.0,0.0,0.0,0.0,32.0,49.0,313.0,3.0,1.0,0.0,11.0,62.9,123.1,5.831823291759837,5.83
194,Hunter Luepke,DAL,FB,0.0,0.0,0.0,0.0,0.0,3.0,13.0,1.0,1.0,1.0,12.0,0.0,0.0,0.0,2.0,0.0,0.0,0.7111451942740287,
195,Hunter Renfrow,LV,WR,0.0,0.0,0.0,0.0,0.0,0.0,0.0,0.0,22.0,29.0,209.0,0.0,0.0,0.0,10.0,45.0,129.3,1.703710319925828,1.7
196,Ian Thomas,CAR,TE,0.0,0.0,0.0,0.0,0.0,0.0,0.0,0.0,4.0,6.0,51.0,0.0,0.0,0.0,5.0,19.7,22.4,-0.7971463115048352,-0.79
197,Ihmir Smith-Marsette,CAR,WR,0.0,0.0,0.0,0.0,0.0,0.0,0.0,0.0,1.0,1.0,14.0,0.0,0.0,0.0,1.0,0.0,0.0,0.07773358453701765,0.07
198,Irv Smith,CIN,TE,0.0,0.0,0.0,0.0,0.0,0.0,0.0,0.0,16.0,23.0,97.0,1.0,1.0,1.0,8.0,36.5,0.0,1.1011166717104577,1.1
199,Isaiah Hodgins,NYG,WR,0.0,0.0,0.0,0.0,0.0,0.0,0.0,0.0,15.0,25.0,154.0,2.0,1.0,1.0,10.0,75.9,0.0,2.9100496669219784,2.91
200,Isaiah Likely,BAL,TE,0.0,0.0,0.0,0.0,0.0,0.0,0.0,0.0,13.0,18.0,129.0,0.0,0.0,0.0,8.0,55.3,0.0,0.38496202536075064,0.38
201,Isaiah McKenzie,IND,WR,0.0,0.0,0.0,0.0,0.0,0.0,0.0,0.0,11.0,14.0,82.0,0.0,1.0,1.0,6.0,78.8,34.4,1.2646427100143973,1.26
202,Isaiah Spiller,LAC,RB,0.0,0.0,0.0,0.0,0.0,12.0,27.0,0.0,3.0,3.0,20.0,0.0,0.0,0.0,5.0,5.4,0.0,0.38398347533527577,0.38
203,Isiah Pacheco,KC,RB,0.0,0.0,0.0,0.0,0.0,176.0,779.0,6.0,33.0,38.0,209.0,1.0,0.0,0.0,12.0,158.2,0.0,11.281290182247163,11.28
204,Israel Abanikanda,NYJ,RB,0.0,0.0,0.0,0.0,0.0,1.0,11.0,0.0,1.0,2.0,5.0,0.0,0.0,0.0,1.0,0.0,0.0,0.11513292433537833,0.11
205,J.K. Dobbins,BAL,RB,0.0,0.0,0.0,0.0,0.0,8.0,22.0,1.0,2.0,3.0,15.0,0.0,0.0,0.0,1.0,90.7,0.0,1.539778949145175,1.53
206,Ja'Marr Chase,CIN,WR,1.0,1.0,-7.0,0.0,0.0,3.0,-6.0,0.0,86.0,124.0,1063.0,7.0,1.0,0.0,12.0,193.7,229.6,12.316710118118156,
207,Jack Stoll,PHI,TE,0.0,0.0,0.0,0.0,0.0,0.0,0.0,0.0,4.0,7.0,27.0,0.0,0.0,0.0,4.0,12.8,1.9,-1.0644064624909348,-1.06
208,Jahan Dotson,WAS,WR,0.0,0.0,0.0,0.0,0.0,0.0,0.0,0.0,44.0,74.0,458.0,4.0,0.0,0.0,13.0,93.6,0.0,6.194097759912263,6.19
209,Jahmyr Gibbs,DET,RB,0.0,0.0,0.0,0.0,0.0,117.0,626.0,5.0,42.0,54.0,272.0,0.0,0.0,0.0,10.0,0.0,0.0,8.741002044989775,8.74
210,Jake Bobo,SEA,WR,0.0,0.0,0.0,0.0,0.0,1.0,3.0,1.0,15.0,19.0,171.0,2.0,0.0,0.0,10.0,0.0,0.0,2.957714046472682,
211,Jake Browning,CIN,QB,59.0,78.0,649.0,3.0,1.0,10.0,70.0,1.0,1.0,1.0,-7.0,0.0,1.0,0.0,4.0,0.0,0.0,2.600584219989537,
212,Jake Ferguson,DAL,TE,0.0,0.0,0.0,0.0,0.0,0.0,0.0,0.0,46.0,66.0,498.0,5.0,0.0,0.0,12.0,32.8,0.0,9.906722969947406,9.9
213,Jake Funk,IND,RB,0.0,0.0,0.0,0.0,0.0,2.0,10.0,0.0,1.0,1.0,12.0,0.0,0.0,0.0,1.0,0.0,1.0,0.1458077709611452,
214,Jakobi Meyers,LV,WR,0.0,1.0,0.0,0.0,0.0,3.0,19.0,1.0,52.0,76.0,591.0,6.0,0.0,0.0,11.0,115.3,102.1,9.118325247035589,9.11
215,Jaleel McLaughlin,DEN,RB,0.0,0.0,0.0,0.0,0.0,51.0,296.0,1.0,20.0,22.0,96.0,2.0,0.0,0.0,11.0,0.0,0.0,4.320756646216769,
216,Jalen Brooks,DAL,WR,0.0,0.0,0.0,0.0,0.0,0.0,0.0,0.0,5.0,5.0,63.0,0.0,0.0,0.0,2.0,0.0,0.0,0.35960505198520687,
217,Jalen Guyton,LAC,WR,0.0,0.0,0.0,0.0,0.0,0.0,0.0,0.0,6.0,16.0,50.0,1.0,0.0,0.0,4.0,6.4,55.1,1.029841423188403,1.02
218,Jalen Hurts,PHI,QB,268.0,403.0,2995.0,19.0,10.0,121.0,430.0,12.0,0.0,0.0,0.0,0.0,7.0,4.0,12.0,512.3,380.4,18.54773204424706,18.54
219,Jalen Nailor,MIN,WR,0.0,0.0,0.0,0.0,0.0,0.0,0.0,0.0,1.0,1.0,16.0,0.0,0.0,0.0,1.0,23.9,0.0,0.3009266702596287,0.3
220,Jalen Reagor,NE,WR,0.0,0.0,0.0,0.0,0.0,0.0,0.0,0.0,3.0,10.0,33.0,0.0,0.0,0.0,4.0,18.9,53.1,0.3657676707724483,0.36
221,Jalen Tolbert,DAL,WR,0.0,0.0,0.0,0.0,0.0,0.0,0.0,0.0,17.0,29.0,200.0,1.0,0.0,0.0,9.0,1.2,0.0,1.821549317507235,1.82
222,Jalin Hyatt,NYG,WR,0.0,0.0,0.0,0.0,0.0,0.0,0.0,0.0,17.0,28.0,330.0,0.0,1.0,0.0,9.0,0.0,0.0,1.7034400948991697,1.7
223,Jamaal Williams,NO,RB,0.0,0.0,0.0,0.0,0.0,52.0,147.0,0.0,9.0,10.0,34.0,0.0,1.0,0.0,8.0,215.9,93.8,2.9724357369042145,2.97
224,Jamal Agnew,JAX,WR,0.0,0.0,0.0,0.0,0.0,1.0,-1.0,0.0,9.0,12.0,90.0,0.0,1.0,1.0,3.0,46.2,20.6,0.9613771449342843,0.96
225,Jameis Winston,NO,QB,25.0,47.0,264.0,2.0,3.0,0.0,0.0,0.0,0.0,0.0,0.0,0.0,0.0,0.0,4.0,60.5,137.1,1.1598473612774898,1.15
226,James Conner,ARI,RB,0.0,0.0,0.0,0.0,0.0,129.0,631.0,4.0,14.0,20.0,36.0,0.0,0.0,0.0,9.0,156.2,229.1,7.340668414892056,7.34
227,James Cook,BUF,RB,0.0,0.0,0.0,0.0,0.0,153.0,731.0,1.0,33.0,39.0,308.0,2.0,2.0,1.0,12.0,97.9,0.0,8.854074571337268,8.85
228,James Proche,CLE,WR,0.0,0.0,0.0,0.0,0.0,0.0,0.0,0.0,0.0,1.0,0.0,0.0,1.0,1.0,1.0,6.2,35.1,0.055745369537852904,0.05
229,James Robinson,GB,RB,0.0,0.0,0.0,0.0,0.0,1.0,2.0,0.0,1.0,1.0,-2.0,0.0,0.0,0.0,1.0,0.0,0.0,0.03333333333333333,0.03
230,Jameson Williams,DET,WR,0.0,0.0,0.0,0.0,0.0,1.0,19.0,1.0,13.0,24.0,195.0,2.0,0.0,0.0,8.0,14.1,0.0,3.211347666810077,3.21
231,Jamison Crowder,WAS,WR,0.0,0.0,0.0,0.0,0.0,0.0,0.0,0.0,15.0,18.0,151.0,1.0,0.0,0.0,5.0,6.0,73.6,1.6220512417822162,1.62
232,Jared Goff,DET,QB,291.0,430.0,3288.0,20.0,8.0,28.0,21.0,2.0,0.0,0.0,0.0,0.0,5.0,3.0,12.0,345.7,247.0,14.991210646302227,14.99
233,Jaren Hall,MIN,QB,8.0,10.0,101.0,0.0,0.0,4.0,10.0,0.0,0.0,0.0,0.0,0.0,1.0,1.0,2.0,0.0,0.0,0.2635953455236286,0.26
234,Jashaun Corbin,NYG,RB,0.0,0.0,0.0,0.0,0.0,1.0,1.0,0.0,3.0,3.0,12.0,0.0,0.0,0.0,1.0,0.0,0.0,0.16646216768916156,
235,Jason Brownlee,NYJ,WR,0.0,0.0,0.0,0.0,0.0,0.0,0.0,0.0,2.0,2.0,20.0,0.0,0.0,0.0,1.0,0.0,0.0,0.1222524597027423,
236,Jason Cabinda,DET,FB,0.0,0.0,0.0,0.0,0.0,1.0,0.0,0.0,0.0,0.0,0.0,0.0,0.0,0.0,1.0,0.4,2.3,0.0032368279086495235,0.0
237,Jauan Jennings,SF,WR,0.0,0.0,0.0,0.0,0.0,0.0,0.0,0.0,17.0,30.0,240.0,1.0,0.0,0.0,10.0,54.3,90.8,2.465054980889505,2.46
238,Javonte Williams,DEN,RB,0.0,0.0,0.0,0.0,0.0,153.0,584.0,0.0,29.0,37.0,155.0,2.0,0.0,0.0,11.0,28.0,163.9,6.071363229679086,6.07
239,Jaxon Smith-Njigba,SEA,WR,0.0,0.0,0.0,0.0,0.0,0.0,0.0,0.0,45.0,68.0,468.0,2.0,0.0,0.0,12.0,0.0,0.0,4.119531086455934,4.11
240,Jayden Reed,GB,WR,0.0,0.0,0.0,0.0,0.0,7.0,81.0,1.0,40.0,64.0,513.0,5.0,2.0,0.0,12.0,0.0,0.0,7.1328588374851725,7.13
241,Jaylen Waddle,MIA,WR,0.0,0.0,0.0,0.0,0.0,2.0,10.0,0.0,57.0,83.0,743.0,3.0,0.0,0.0,11.0,191.4,159.3,7.906071553750047,7.9
242,Jaylen Warren,PIT,RB,0.0,0.0,0.0,0.0,0.0,102.0,601.0,3.0,38.0,48.0,243.0,0.0,2.0,1.0,12.0,64.4,0.0,7.752724385317112,7.75
243,Jeff Wilson,MIA,RB,0.0,0.0,0.0,0.0,0.0,22.0,96.0,0.0,8.0,9.0,63.0,0.0,0.0,0.0,4.0,67.9,44.5,1.6290016397427454,1.62
244,Jeremy Ruckert,NYJ,TE,0.0,0.0,0.0,0.0,0.0,0.0,0.0,0.0,11.0,17.0,98.0,0.0,0.0,0.0,8.0,0.8,0.0,-0.26005549013889473,-0.26
245,Jerick McKinnon,KC,RB,0.0,0.0,0.0,0.0,0.0,13.0,30.0,0.0,15.0,19.0,125.0,3.0,0.0,0.0,8.0,146.9,54.7,4.131158587283847,4.13
246,Jerome Ford,CLE,RB,0.0,0.0,0.0,0.0,0.0,154.0,647.0,3.0,30.0,44.0,196.0,3.0,1.0,1.0,12.0,1.2,0.0,8.619526434646195,8.61
247,Jerry Jeudy,DEN,WR,0.0,0.0,0.0,0.0,0.0,0.0,0.0,0.0,40.0,57.0,491.0,1.0,1.0,0.0,11.0,137.2,75.9,4.7035164174235895,4.7
248,Jesper Horsted,LV,TE,0.0,0.0,0.0,0.0,0.0,0.0,0.0,0.0,1.0,1.0,4.0,0.0,0.0,0.0,1.0,1.9,16.3,-1.4244731066165048,-1.42
249,Jimmy Garoppolo,LV,QB,110.0,168.0,1205.0,7.0,9.0,20.0,39.0,0.0,0.0,0.0,0.0,0.0,1.0,0.0,6.0,201.2,328.9,4.957780356294036,4.95
250,Jimmy Graham,NO,TE,0.0,0.0,0.0,0.0,0.0,0.0,0.0,0.0,2.0,3.0,14.0,2.0,0.0,0.0,3.0,0.0,14.4,0.7750195559271646,
251,Joe Burrow,CIN,QB,244.0,365.0,2309.0,15.0,6.0,31.0,88.0,0.0,0.0,0.0,0.0,0.0,2.0,1.0,10.0,484.5,468.7,12.267444902493938,12.26
252,Joe Flacco,CLE,QB,23.0,44.0,254.0,2.0,1.0,0.0,0.0,0.0,0.0,0.0,0.0,0.0,0.0,0.0,1.0,0.0,0.0,0.9866407886255653,0.98
253,Joe Mixon,CIN,RB,0.0,0.0,0.0,0.0,0.0,180.0,689.0,6.0,39.0,47.0,281.0,1.0,0.0,0.0,12.0,206.8,295.1,11.782540233270783,11.78
254,John Bates,WAS,TE,0.0,0.0,0.0,0.0,0.0,0.0,0.0,0.0,15.0,20.0,131.0,0.0,0.0,0.0,10.0,16.8,53.4,0.2503102870587921,0.25
255,John Metchie,HOU,WR,0.0,0.0,0.0,0.0,0.0,0.0,0.0,0.0,12.0,16.0,138.0,0.0,0.0,0.0,9.0,0.0,0.0,0.8082478543018632,
256,Johnny Mundt,MIN,TE,0.0,0.0,0.0,0.0,0.0,0.0,0.0,0.0,5.0,5.0,45.0,0.0,0.0,0.0,4.0,21.2,1.4,-0.8196258992423688,-0.81
257,Jonathan Mingo,CAR,WR,0.0,0.0,0.0,0.0,0.0,0.0,0.0,0.0,34.0,67.0,355.0,0.0,1.0,0.0,11.0,0.0,0.0,2.1405693950177933,2.14
258,Jonathan Taylor,IND,RB,0.0,0.0,0.0,0.0,0.0,100.0,414.0,4.0,16.0,19.0,137.0,1.0,0.0,0.0,7.0,123.1,337.1,7.096440537353148,7.09
259,Jonnu Smith,ATL,TE,0.0,1.0,0.0,0.0,0.0,1.0,0.0,0.0,37.0,48.0,433.0,2.0,1.0,1.0,10.0,25.0,45.7,5.868756051510394,5.86
260,Jordan Addison,MIN,WR,0.0,0.0,0.0,0.0,0.0,1.0,2.0,0.0,54.0,82.0,686.0,7.0,0.0,0.0,12.0,0.0,0.0,8.444700300048845,8.44
261,Jordan Akins,CLE,TE,0.0,0.0,0.0,0.0,0.0,0.0,0.0,0.0,7.0,12.0,51.0,0.0,0.0,0.0,8.0,79.5,36.5,-0.3937299632760993,-0.39
262,Jordan Love,GB,QB,250.0,408.0,2866.0,22.0,10.0,39.0,231.0,2.0,0.0,0.0,0.0,0.0,6.0,0.0,12.0,13.7,31.7,12.340309085947382,12.34
263,Jordan Mason,SF,RB,0.0,0.0,0.0,0.0,0.0,23.0,127.0,2.0,1.0,2.0,13.0,0.0,0.0,0.0,5.0,33.0,0.0,2.116118057064813,2.11
264,Josh Allen,BUF,QB,295.0,433.0,3214.0,24.0,13.0,62.0,342.0,9.0,0.0,0.0,0.0,0.0,4.0,3.0,12.0,525.8,557.9,19.05367124478353,19.05
265,Josh Downs,IND,WR,0.0,0.0,0.0,0.0,0.0,0.0,0.0,0.0,51.0,78.0,580.0,2.0,0.0,0.0,12.0,0.0,0.0,4.702184076477566,4.7
266,Josh Jacobs,LV,RB,0.0,0.0,0.0,0.0,0.0,220.0,771.0,6.0,35.0,52.0,280.0,0.0,3.0,1.0,12.0,277.3,188.7,12.083808248284779,12.08
267,Josh Oliver,MIN,TE,0.0,0.0,0.0,0.0,0.0,0.0,0.0,0.0,16.0,18.0,118.0,2.0,1.0,1.0,7.0,29.5,7.0,2.3081139915944964,2.3
268,Josh Reynolds,DET,WR,0.0,0.0,0.0,0.0,0.0,0.0,0.0,0.0,28.0,44.0,450.0,4.0,1.0,1.0,11.0,65.9,30.2,5.598101635151581,5.59
269,Josh Whyle,TEN,TE,0.0,0.0,0.0,0.0,0.0,0.0,0.0,0.0,9.0,15.0,94.0,1.0,0.0,0.0,8.0,0.0,0.0,0.6868925618463662,0.68
270,Joshua Dobbs,MIN,QB,252.0,394.0,2401.0,13.0,10.0,72.0,400.0,6.0,0.0,0.0,0.0,0.0,14.0,7.0,12.0,132.0,0.0,11.17252478329625,11.17
271,Joshua Kelley,LAC,RB,0.0,0.0,0.0,0.0,0.0,94.0,376.0,2.0,7.0,11.0,26.0,0.0,0.0,0.0,12.0,53.6,14.0,3.82228299701875,3.82
272,Joshua Palmer,LAC,WR,0.0,0.0,0.0,0.0,0.0,0.0,0.0,0.0,23.0,39.0,377.0,1.0,1.0,1.0,7.0,98.4,48.2,3.5480153565059935,3.54
273,Josiah Deguara,GB,TE,0.0,0.0,0.0,0.0,0.0,0.0,0.0,0.0,8.0,8.0,65.0,0.0,0.0,0.0,4.0,11.4,21.4,-0.5999843967197861,-0.59
274,JuJu Smith-Schuster,NE,WR,0.0,0.0,0.0,0.0,0.0,0.0,0.0,0.0,25.0,41.0,170.0,1.0,0.0,0.0,10.0,120.2,112.7,2.923808350044296,2.92
275,Julian Hill,MIA,TE,0.0,0.0,0.0,0.0,0.0,0.0,0.0,0.0,4.0,6.0,37.0,0.0,1.0,1.0,4.0,0.0,0.0,-1.0376101953601955,
276,Julio Jones,PHI,WR,0.0,0.0,0.0,0.0,0.0,0.0,0.0,0.0,5.0,8.0,16.0,1.0,0.0,0.0,4.0,59.8,55.0,1.3492005383394987,1.34
277,Justice Hill,BAL,RB,0.0,0.0,0.0,0.0,0.0,66.0,290.0,3.0,16.0,18.0,73.0,0.0,1.0,1.0,11.0,31.6,0.0,4.294870958975541,4.29
278,Justin Fields,CHI,QB,143.0,222.0,1587.0,12.0,6.0,77.0,400.0,1.0,0.0,0.0,0.0,0.0,7.0,4.0,8.0,342.4,175.5,9.74537032353018,9.74
279,Justin Herbert,LAC,QB,288.0,439.0,3038.0,20.0,6.0,52.0,228.0,3.0,1.0,1.0,10.0,0.0,4.0,1.0,12.0,369.5,450.9,15.632908874562052,15.63
280,Justin Jefferson,MIN,WR,0.0,0.0,0.0,0.0,0.0,0.0,0.0,0.0,36.0,53.0,571.0,3.0,1.0,1.0,5.0,243.6,256.0,7.208012256424961,7.2
281,Justin Watson,KC,WR,0.0,0.0,0.0,0.0,0.0,0.0,0.0,0.0,20.0,39.0,332.0,2.0,1.0,1.0,10.0,46.5,0.0,3.482775220246478,3.48
282,Justyn Ross,KC,WR,0.0,0.0,0.0,0.0,0.0,0.0,0.0,0.0,3.0,6.0,34.0,0.0,0.0,0.0,3.0,0.0,0.0,0.19998604423975996,
283,Juwan Johnson,NO,TE,0.0,0.0,0.0,0.0,0.0,0.0,0.0,0.0,18.0,32.0,142.0,1.0,0.0,0.0,8.0,92.8,13.2,1.8900327051240855,1.89
284,Juwann Winfree,IND,WR,0.0,0.0,0.0,0.0,0.0,0.0,0.0,0.0,0.0,1.0,0.0,0.0,0.0,0.0,1.0,1.7,6.2,0.01528502067973386,0.01
285,K.J. Osborn,MIN,WR,0.0,0.0,0.0,0.0,0.0,0.0,0.0,0.0,36.0,55.0,418.0,2.0,1.0,0.0,11.0,103.6,86.0,4.666955707250311,4.66
286,KaVontae Turpin,DAL,WR,0.0,0.0,0.0,0.0,0.0,8.0,79.0,1.0,11.0,16.0,123.0,3.0,1.0,0.0,9.0,1.7,0.0,3.6578780009323335,3.65
287,Kadarius Toney,KC,WR,0.0,1.0,0.0,0.0,0.0,8.0,9.0,0.0,22.0,30.0,139.0,1.0,1.0,0.0,10.0,53.4,47.5,2.1730329690342858,2.17
288,Kalif Raymond,DET,WR,0.0,0.0,0.0,0.0,0.0,5.0,58.0,0.0,26.0,34.0,372.0,1.0,0.0,0.0,11.0,65.2,97.3,3.5283788728160075,3.52
289,Kareem Hunt,CLE,RB,0.0,0.0,0.0,0.0,0.0,101.0,334.0,6.0,10.0,13.0,59.0,0.0,0.0,0.0,10.0,91.8,86.0,6.385387792356129,6.38
290,Kayshon Boutte,NE,WR,0.0,0.0,0.0,0.0,0.0,0.0,0.0,0.0,2.0,7.0,19.0,0.0,0.0,0.0,3.0,0.0,0.0,0.11810062103133068,0.11
291,Ke'Shawn Vaughn,TB,RB,0.0,0.0,0.0,0.0,0.0,24.0,42.0,0.0,2.0,5.0,2.0,0.0,0.0,0.0,5.0,7.2,44.8,0.3498784442779818,
292,Keaontay Ingram,ARI,RB,0.0,0.0,0.0,0.0,0.0,35.0,74.0,0.0,4.0,4.0,26.0,0.0,0.0,0.0,7.0,14.1,0.0,0.7586789608760102,0.75
293,Keaton Mitchell,BAL,RB,0.0,0.0,0.0,0.0,0.0,29.0,269.0,2.0,5.0,6.0,61.0,0.0,0.0,0.0,4.0,0.0,0.0,2.9537832310838446,
294,Keenan Allen,LAC,WR,1.0,1.0,49.0,1.0,0.0,2.0,6.0,0.0,102.0,138.0,1175.0,7.0,2.0,1.0,12.0,106.1,161.6,13.23719726825969,13.23
295,Keith Kirkwood,NO,WR,0.0,0.0,0.0,0.0,0.0,0.0,0.0,0.0,3.0,7.0,21.0,0.0,0.0,0.0,5.0,1.8,1.6,0.16219628105465647,0.16
296,Kendre Miller,NO,RB,0.0,0.0,0.0,0.0,0.0,28.0,83.0,0.0,9.0,10.0,111.0,0.0,0.0,0.0,6.0,0.0,0.0,1.2918200408997955,1.29
297,Kendrick Bourne,NE,WR,0.0,0.0,0.0,0.0,0.0,1.0,4.0,0.0,37.0,55.0,406.0,4.0,1.0,1.0,8.0,53.3,128.4,5.495209699727678,5.49
298,Kene Nwangwu,MIN,RB,0.0,0.0,0.0,0.0,0.0,2.0,9.0,0.0,0.0,0.0,0.0,0.0,0.0,0.0,1.0,3.5,7.0,0.07433451413933363,0.07
299,Kenneth Gainwell,PHI,RB,0.0,0.0,0.0,0.0,0.0,59.0,207.0,2.0,23.0,28.0,130.0,0.0,2.0,1.0,11.0,92.8,98.0,4.3405146269539285,4.34
300,Kenneth Walker,SEA,RB,0.0,0.0,0.0,0.0,0.0,149.0,613.0,6.0,17.0,23.0,173.0,1.0,0.0,0.0,10.0,188.1,0.0,9.957189898684565,9.95
301,Kenny Pickett,PIT,QB,201.0,324.0,2070.0,6.0,4.0,42.0,54.0,1.0,0.0,0.0,0.0,0.0,2.0,0.0,12.0,189.9,0.0,7.680550626766695,7.68
302,Kenyan Drake,BAL,RB,0.0,0.0,0.0,0.0,0.0,1.0,0.0,0.0,2.0,3.0,31.0,0.0,1.0,1.0,1.0,87.1,72.5,0.9299726513415625,0.92
303,KhaDarel Hodge,ATL,WR,0.0,0.0,0.0,0.0,0.0,1.0,0.0,0.0,11.0,16.0,199.0,0.0,1.0,0.0,8.0,26.2,13.1,1.2774713123613215,1.27
304,Khalil Herbert,CHI,RB,0.0,0.0,0.0,0.0,0.0,73.0,331.0,0.0,14.0,23.0,103.0,1.0,1.0,1.0,7.0,108.8,61.5,4.115897763749808,4.11
305,Khalil Shakir,BUF,WR,0.0,0.0,0.0,0.0,0.0,0.0,0.0,0.0,25.0,30.0,410.0,2.0,1.0,0.0,11.0,31.2,0.0,3.767092666185255,3.76
306,Khari Blasingame,CHI,RB,0.0,0.0,0.0,0.0,0.0,8.0,26.0,0.0,0.0,0.0,0.0,0.0,0.0,0.0,1.0,0.0,0.6,0.13292433537832313,
307,Kirk Cousins,MIN,QB,216.0,311.0,2331.0,18.0,5.0,14.0,25.0,0.0,0.0,0.0,0.0,0.0,7.0,4.0,8.0,392.6,360.6,12.44137949456153,12.44
308,Ko Kieft,TB,TE,0.0,0.0,0.0,0.0,0.0,0.0,0.0,0.0,0.0,3.0,0.0,0.0,0.0,0.0,1.0,14.0,0.0,-1.4244740154648445,-1.42
309,Kwamie Lassiter,CIN,WR,0.0,0.0,0.0,0.0,0.0,0.0,0.0,0.0,1.0,1.0,2.0,0.0,0.0,0.0,1.0,0.0,0.0,0.027911520480078153,
310,Kyle Juszczyk,SF,FB,0.0,0.0,0.0,0.0,0.0,5.0,6.0,0.0,1.0,1.0,4.0,0.0,0.0,0.0,3.0,22.7,24.9,0.2681480615254719,0.26
311,Kyle Philips,TEN,WR,0.0,0.0,0.0,0.0,0.0,0.0,0.0,0.0,13.0,19.0,166.0,0.0,1.0,1.0,7.0,7.8,0.0,1.0142384515927165,1.01
312,Kyle Pitts,ATL,TE,0.0,0.0,0.0,0.0,0.0,1.0,-4.0,0.0,41.0,68.0,492.0,1.0,0.0,0.0,12.0,47.6,135.8,5.582115585700571,5.58
313,Kyle Trask,TB,QB,0.0,1.0,0.0,0.0,0.0,0.0,0.0,0.0,0.0,0.0,0.0,0.0,0.0,0.0,1.0,0.0,0.0,0.0,0.0
314,Kylen Granson,IND,TE,0.0,0.0,0.0,0.0,0.0,1.0,2.0,0.0,20.0,34.0,247.0,1.0,0.0,0.0,10.0,30.2,10.0,2.6317786355682937,2.63
315,Kyler Murray,ARI,QB,79.0,130.0,864.0,3.0,2.0,23.0,106.0,3.0,0.0,0.0,0.0,0.0,3.0,0.0,4.0,234.2,365.8,5.2813130426646975,5.28
316,Kyren Williams,LAR,RB,0.0,0.0,0.0,0.0,0.0,134.0,687.0,7.0,22.0,35.0,190.0,3.0,1.0,0.0,8.0,21.5,0.0,10.890952915222835,10.89
317,La'Mical Perine,KC,RB,0.0,0.0,0.0,0.0,0.0,1.0,1.0,0.0,0.0,1.0,0.0,0.0,0.0,0.0,1.0,0.0,3.1,0.005112474437627812,
318,Lamar Jackson,BAL,QB,228.0,334.0,2618.0,13.0,5.0,112.0,574.0,5.0,0.0,0.0,0.0,0.0,11.0,6.0,12.0,274.5,296.8,13.577168648689893,13.57
319,Latavius Murray,BUF,RB,0.0,0.0,0.0,0.0,0.0,70.0,280.0,3.0,16.0,20.0,98.0,0.0,0.0,0.0,12.0,112.7,93.6,5.02782493401865,5.02
320,Laviska Shenault,CAR,WR,0.0,0.0,0.0,0.0,0.0,6.0,21.0,0.0,10.0,10.0,60.0,0.0,0.0,0.0,6.0,45.7,102.2,0.9432746843826774,0.94
321,Lawrence Cager,NYG,TE,0.0,0.0,0.0,0.0,0.0,0.0,0.0,0.0,3.0,4.0,27.0,1.0,0.0,0.0,2.0,19.8,0.0,-0.010102709353791761,-0.01
322,Lil'Jordan Humphrey,DEN,WR,0.0,0.0,0.0,0.0,0.0,0.0,0.0,0.0,7.0,9.0,65.0,1.0,0.0,0.0,7.0,2.0,84.9,1.0721656164022269,
323,Logan Thomas,WAS,TE,0.0,0.0,0.0,0.0,0.0,1.0,2.0,0.0,45.0,63.0,424.0,3.0,2.0,2.0,12.0,38.3,22.5,7.13238998059434,7.13
324,Lucas Krull,DEN,TE,0.0,0.0,0.0,0.0,0.0,0.0,0.0,0.0,0.0,2.0,0.0,0.0,0.0,0.0,2.0,0.0,0.0,-1.5,
325,Luke Farrell,JAX,TE,0.0,0.0,0.0,0.0,0.0,0.0,0.0,0.0,11.0,13.0,120.0,0.0,0.0,0.0,7.0,4.0,16.3,-0.031925497092519795,-0.03
326,Luke Musgrave,GB,TE,0.0,0.0,0.0,0.0,0.0,0.0,0.0,0.0,33.0,45.0,341.0,1.0,0.0,0.0,10.0,0.0,0.0,3.7008528793066837,3.7
327,Luke Schoonmaker,DAL,TE,0.0,0.0,0.0,0.0,0.0,0.0,0.0,0.0,7.0,14.0,61.0,2.0,0.0,0.0,10.0,0.0,0.0,1.360195456415565,
328,Lynn Bowden,NO,WR,0.0,0.0,0.0,0.0,0.0,4.0,34.0,0.0,2.0,5.0,17.0,0.0,0.0,0.0,4.0,0.0,0.0,0.2509594585165027,
329,Mac Jones,NE,QB,224.0,345.0,2120.0,10.0,12.0,26.0,96.0,0.0,0.0,0.0,0.0,0.0,3.0,2.0,11.0,222.1,312.4,7.7772556088763,7.77
330,Mack Hollins,ATL,WR,0.0,0.0,0.0,0.0,0.0,0.0,0.0,0.0,17.0,29.0,247.0,0.0,0.0,0.0,8.0,97.2,89.0,2.232781020507376,2.23
331,Malik Heath,GB,WR,0.0,0.0,0.0,0.0,0.0,0.0,0.0,0.0,6.0,12.0,68.0,0.0,0.0,0.0,7.0,0.0,0.0,0.3999720884795199,
332,Malik Taylor,NYJ,WR,0.0,0.0,0.0,0.0,0.0,0.0,0.0,0.0,2.0,4.0,13.0,0.0,0.0,0.0,2.0,0.0,1.7,0.09318958900286092,
333,Malik Willis,TEN,QB,4.0,5.0,74.0,0.0,0.0,3.0,17.0,0.0,0.0,0.0,0.0,0.0,0.0,0.0,1.0,32.5,0.0,0.44987159318610104,0.44
334,Marcedes Lewis,CHI,TE,0.0,0.0,0.0,0.0,0.0,0.0,0.0,0.0,2.0,3.0,24.0,0.0,0.0,0.0,3.0,18.6,19.3,-1.1157467047952347,-1.11
335,Marcus Mariota,PHI,QB,2.0,3.0,16.0,0.0,0.0,2.0,6.0,0.0,0.0,0.0,0.0,0.0,0.0,0.0,1.0,0.0,0.0,0.05224412253621468,0.05
336,Mark Andrews,BAL,TE,0.0,0.0,0.0,0.0,0.0,1.0,0.0,0.0,45.0,61.0,544.0,6.0,1.0,0.0,10.0,122.8,187.3,11.84969145801794,11.84
337,Marquez Valdes-Scantling,KC,WR,0.0,0.0,0.0,0.0,0.0,0.0,0.0,0.0,17.0,33.0,273.0,1.0,1.0,1.0,12.0,104.6,53.7,3.054322445393508,3.05
338,Marquise Brown,ARI,WR,0.0,0.0,0.0,0.0,0.0,2.0,23.0,0.0,51.0,101.0,574.0,4.0,0.0,0.0,13.0,89.0,122.8,6.86709876947763,6.86
339,Marquise Goodwin,CLE,WR,0.0,0.0,0.0,0.0,0.0,2.0,37.0,0.0,3.0,11.0,10.0,0.0,0.0,0.0,6.0,63.2,49.2,0.8222030687088052,0.82
340,Marvin Jones,DET,WR,0.0,0.0,0.0,0.0,0.0,0.0,0.0,0.0,5.0,10.0,35.0,0.0,1.0,1.0,4.0,81.9,115.3,0.979731918403448,0.97
341,Marvin Mims,DEN,WR,0.0,0.0,0.0,0.0,0.0,7.0,18.0,0.0,16.0,23.0,287.0,1.0,1.0,1.0,11.0,0.0,0.0,2.2270951085060355,2.22
342,Matt Breida,NYG,RB,0.0,0.0,0.0,0.0,0.0,50.0,125.0,1.0,14.0,17.0,74.0,0.0,1.0,0.0,12.0,50.4,37.7,2.441889396244441,2.44
343,Matthew Stafford,LAR,QB,230.0,379.0,2768.0,16.0,9.0,17.0,69.0,0.0,0.0,0.0,0.0,0.0,0.0,0.0,11.0,151.3,524.2,10.750222576801375,10.75
344,Mecole Hardman,NYJ,WR,0.0,0.0,0.0,0.0,0.0,1.0,3.0,0.0,9.0,13.0,47.0,0.0,1.0,1.0,6.0,282.0,450.0,2.9195777169146684,2.91
345,Melvin Gordon,BAL,RB,0.0,0.0,0.0,0.0,0.0,13.0,53.0,0.0,3.0,3.0,46.0,0.0,0.0,0.0,2.0,66.1,173.1,1.141020781229487,1.14
346,Michael Burton,DEN,FB,0.0,0.0,0.0,0.0,0.0,5.0,7.0,0.0,0.0,0.0,0.0,0.0,0.0,0.0,4.0,1.8,11.0,0.05035304665231754,0.05
347,Michael Carter,NYJ,RB,0.0,0.0,0.0,0.0,0.0,16.0,82.0,0.0,12.0,16.0,56.0,0.0,0.0,0.0,8.0,174.0,240.8,2.513541612655181,2.51
348,Michael Gallup,DAL,WR,0.0,0.0,0.0,0.0,0.0,0.0,0.0,0.0,28.0,47.0,357.0,1.0,0.0,0.0,12.0,77.0,78.8,3.370606361972092,3.37
349,Michael Mayer,LV,TE,0.0,0.0,0.0,0.0,0.0,0.0,0.0,0.0,22.0,33.0,251.0,1.0,0.0,0.0,10.0,0.0,0.0,2.5419030166693206,2.54
350,Michael Pittman,IND,WR,0.0,0.0,0.0,0.0,0.0,0.0,0.0,0.0,87.0,127.0,889.0,4.0,1.0,0.0,12.0,119.5,134.7,9.059549267842698,9.05
351,Michael Thomas,NO,WR,0.0,0.0,0.0,0.0,0.0,0.0,0.0,0.0,39.0,64.0,448.0,1.0,0.0,0.0,10.0,35.1,0.0,3.587379151768089,3.58
352,Michael Wilson,ARI,WR,0.0,0.0,0.0,0.0,0.0,0.0,0.0,0.0,28.0,39.0,435.0,2.0,0.0,0.0,9.0,0.0,0.0,3.649187076966018,3.64
353,Mike Boone,HOU,RB,0.0,0.0,0.0,0.0,0.0,5.0,23.0,0.0,2.0,2.0,16.0,0.0,1.0,0.0,5.0,19.6,5.4,0.424657737257978,0.42
354,Mike Evans,TB,WR,0.0,0.0,0.0,0.0,0.0,0.0,0.0,0.0,61.0,103.0,1012.0,10.0,0.0,0.0,12.0,155.8,186.7,13.269154591489663,13.26
355,Mike Gesicki,NE,TE,0.0,0.0,0.0,0.0,0.0,0.0,0.0,0.0,21.0,32.0,182.0,1.0,0.0,0.0,11.0,73.7,114.8,2.2512005667597927,2.25
356,Mike Strachan,CAR,WR,0.0,0.0,0.0,0.0,0.0,0.0,0.0,0.0,1.0,3.0,45.0,0.0,0.0,0.0,2.0,5.9,2.3,0.2594885962980897,0.25
357,Mike White,MIA,QB,3.0,4.0,70.0,1.0,1.0,4.0,-5.0,0.0,0.0,0.0,0.0,0.0,0.0,0.0,3.0,78.5,67.6,0.8393050329324272,0.83
358,Mike Williams,LAC,WR,0.0,0.0,0.0,0.0,0.0,1.0,3.0,0.0,19.0,26.0,249.0,1.0,0.0,0.0,3.0,113.5,165.7,3.0863710984210977,3.08
359,Miles Boykin,PIT,WR,0.0,0.0,0.0,0.0,0.0,0.0,0.0,0.0,2.0,3.0,11.0,0.0,0.0,0.0,3.0,1.1,0.4,0.09477621915868899,0.09
360,Miles Sanders,CAR,RB,0.0,0.0,0.0,0.0,0.0,105.0,325.0,1.0,22.0,35.0,126.0,0.0,2.0,2.0,11.0,227.8,94.0,5.43243279867938,5.43
361,Mitch Trubisky,PIT,QB,29.0,49.0,273.0,2.0,2.0,6.0,23.0,0.0,0.0,0.0,0.0,0.0,1.0,1.0,3.0,94.4,10.8,1.6225369908813303,1.62
362,Mitchell Wilcox,CIN,TE,0.0,0.0,0.0,0.0,0.0,0.0,0.0,0.0,5.0,7.0,30.0,0.0,0.0,0.0,5.0,21.8,1.3,-0.9601619651066131,-0.96
363,Mo Alie-Cox,IND,TE,0.0,0.0,0.0,0.0,0.0,0.0,0.0,0.0,6.0,10.0,102.0,1.0,0.0,0.0,8.0,36.9,132.3,0.8818238549071884,0.88
364,MyCole Pruitt,ATL,TE,0.0,0.0,0.0,0.0,0.0,0.0,0.0,0.0,5.0,8.0,64.0,1.0,0.0,0.0,6.0,39.0,11.4,0.5019905883627978,0.5
365,Najee Harris,PIT,RB,0.0,0.0,0.0,0.0,0.0,159.0,661.0,4.0,21.0,29.0,130.0,0.0,1.0,0.0,12.0,186.5,229.5,8.45313829257144,8.45
366,Nate Adkins,DEN,TE,0.0,0.0,0.0,0.0,0.0,0.0,0.0,0.0,4.0,5.0,22.0,0.0,0.0,0.0,4.0,0.0,0.0,-1.1813830891330892,
367,Nelson Agholor,BAL,WR,0.0,0.0,0.0,0.0,0.0,0.0,0.0,0.0,20.0,28.0,282.0,3.0,1.0,0.0,11.0,48.2,54.3,3.9375271308850426,3.93
368,Nick Bawden,NYJ,FB,0.0,0.0,0.0,0.0,0.0,1.0,1.0,1.0,0.0,0.0,0.0,0.0,0.0,0.0,1.0,0.0,0.0,0.5551124744376279,
369,Nick Chubb,CLE,RB,0.0,0.0,0.0,0.0,0.0,28.0,170.0,0.0,4.0,4.0,21.0,0.0,0.0,0.0,2.0,254.4,197.3,3.1684385008213423,3.16
370,Nick Westbrook-Ikhine,TEN,WR,0.0,0.0,0.0,0.0,0.0,0.0,0.0,0.0,25.0,39.0,309.0,3.0,0.0,0.0,11.0,57.7,65.9,4.233082282733237,4.23
371,Nico Collins,HOU,WR,0.0,0.0,0.0,0.0,0.0,0.0,0.0,0.0,59.0,85.0,991.0,6.0,0.0,0.0,11.0,60.1,53.3,9.6940582466152,9.69
372,Noah Brown,HOU,WR,0.0,0.0,0.0,0.0,0.0,1.0,-1.0,0.0,21.0,30.0,439.0,1.0,0.0,0.0,6.0,77.4,15.3,3.5732468678497042,3.57
373,Noah Fant,SEA,TE,0.0,0.0,0.0,0.0,0.0,0.0,0.0,0.0,22.0,28.0,304.0,0.0,0.0,0.0,11.0,73.7,89.7,2.404012675243097,2.4
374,Noah Gray,KC,TE,0.0,0.0,0.0,0.0,0.0,1.0,1.0,0.0,22.0,29.0,246.0,2.0,0.0,0.0,12.0,45.7,14.6,3.7935802315749196,3.79
375,Odell Beckham,BAL,WR,0.0,0.0,0.0,0.0,0.0,0.0,0.0,0.0,27.0,47.0,408.0,2.0,1.0,1.0,10.0,0.0,67.1,3.517479589700649,
376,Olamide Zaccheaus,PHI,WR,0.0,0.0,0.0,0.0,0.0,0.0,0.0,0.0,7.0,14.0,116.0,2.0,0.0,0.0,8.0,72.0,64.6,2.560351416633261,2.56
377,PJ Walker,CLE,QB,54.0,111.0,674.0,1.0,5.0,13.0,30.0,0.0,0.0,0.0,0.0,0.0,4.0,2.0,5.0,52.5,23.4,1.5983140242857754,1.59
378,Parker Washington,JAX,WR,0.0,0.0,0.0,0.0,0.0,0.0,0.0,0.0,6.0,6.0,61.0,1.0,1.0,0.0,1.0,0.0,0.0,1.0179680413090504,1.01
379,Parris Campbell,NYG,WR,0.0,0.0,0.0,0.0,0.0,0.0,0.0,0.0,20.0,27.0,104.0,0.0,0.0,0.0,8.0,86.1,25.5,1.5980894260572513,1.59
380,Pat Freiermuth,PIT,TE,0.0,0.0,0.0,0.0,0.0,0.0,0.0,0.0,21.0,30.0,209.0,2.0,0.0,0.0,7.0,85.2,92.8,3.615509238003016,3.61
381,Patrick Mahomes,KC,QB,301.0,444.0,3127.0,22.0,10.0,57.0,331.0,0.0,0.0,0.0,0.0,0.0,3.0,2.0,12.0,556.1,554.6,16.572728425195024,16.57
382,Patrick Taylor,GB,RB,0.0,0.0,0.0,0.0,0.0,16.0,71.0,0.0,6.0,12.0,32.0,0.0,0.0,0.0,6.0,3.1,15.2,0.7516702833676985,0.75
383,Payne Durham,TB,TE,0.0,0.0,0.0,0.0,0.0,0.0,0.0,0.0,4.0,6.0,33.0,0.0,0.0,0.0,5.0,0.0,0.0,-1.0759496336996337,-1.07
384,Peyton Hendershot,DAL,TE,0.0,0.0,0.0,0.0,0.0,0.0,0.0,0.0,1.0,2.0,3.0,0.0,0.0,0.0,2.0,22.3,0.0,-1.3240058173072806,-1.32
385,Pharaoh Brown,NE,TE,0.0,0.0,0.0,0.0,0.0,0.0,0.0,0.0,7.0,7.0,170.0,1.0,0.0,0.0,4.0,7.2,14.1,1.4003088251994882,1.4
386,Phillip Dorsett,DEN,WR,0.0,0.0,0.0,0.0,0.0,0.0,0.0,0.0,0.0,1.0,0.0,0.0,0.0,0.0,1.0,31.7,36.2,0.2850206797338608,0.28
387,Pierre Strong,CLE,RB,0.0,0.0,0.0,0.0,0.0,37.0,173.0,1.0,3.0,4.0,38.0,0.0,0.0,0.0,8.0,19.2,0.0,1.8840998459546454,1.88
388,Puka Nacua,LAR,WR,0.0,0.0,0.0,0.0,0.0,5.0,45.0,0.0,77.0,118.0,1029.0,4.0,1.0,0.0,12.0,0.0,0.0,8.55711394878236,8.55
389,Quentin Johnston,LAC,WR,0.0,0.0,0.0,0.0,0.0,1.0,2.0,0.0,26.0,44.0,242.0,1.0,0.0,0.0,12.0,0.0,0.0,2.1699113809224757,2.16
390,Quez Watkins,PHI,WR,0.0,0.0,0.0,0.0,0.0,0.0,0.0,0.0,7.0,9.0,49.0,0.0,0.0,0.0,3.0,54.3,103.6,0.8289165397479237,0.82
391,Quintin Morris,BUF,TE,0.0,0.0,0.0,0.0,0.0,0.0,0.0,0.0,2.0,3.0,26.0,1.0,0.0,0.0,2.0,16.2,0.0,-0.06604603639054862,-0.06
392,Rachaad White,TB,RB,0.0,0.0,0.0,0.0,0.0,176.0,643.0,5.0,46.0,51.0,386.0,1.0,1.0,1.0,12.0,102.8,0.0,10.925934302175278,10.92
393,Raheem Blackshear,CAR,RB,0.0,0.0,0.0,0.0,0.0,12.0,36.0,0.0,5.0,5.0,41.0,0.0,0.0,0.0,5.0,32.6,0.0,0.8241286729189443,0.82
394,Raheem Mostert,MIA,RB,0.0,0.0,0.0,0.0,0.0,162.0,828.0,14.0,21.0,28.0,166.0,2.0,4.0,1.0,12.0,139.3,2.0,15.709024910189243,15.7
395,Rakim Jarrett,TB,WR,0.0,0.0,0.0,0.0,0.0,0.0,0.0,0.0,4.0,9.0,60.0,0.0,0.0,0.0,5.0,0.0,0.0,0.32754169283371715,
396,Randall Cobb,NYJ,WR,0.0,0.0,0.0,0.0,0.0,0.0,0.0,0.0,3.0,12.0,20.0,0.0,0.0,0.0,6.0,47.7,63.2,0.570740000736059,0.57
397,Rashaad Penny,PHI,RB,0.0,0.0,0.0,0.0,0.0,5.0,17.0,0.0,1.0,1.0,5.0,0.0,0.0,0.0,2.0,48.2,115.7,0.5358455339534128,0.53
398,Rashee Rice,KC,WR,0.0,0.0,0.0,0.0,0.0,1.0,-3.0,0.0,52.0,65.0,591.0,5.0,0.0,0.0,12.0,0.0,0.0,6.696183099574349,6.69
399,Rashid Shaheed,NO,WR,0.0,0.0,0.0,0.0,0.0,6.0,33.0,0.0,33.0,55.0,534.0,3.0,1.0,1.0,11.0,72.5,0.0,5.594188996855514,5.59
400,Rashod Bateman,BAL,WR,0.0,0.0,0.0,0.0,0.0,1.0,18.0,0.0,22.0,36.0,236.0,1.0,0.0,0.0,11.0,40.5,61.5,2.4971415348106434,2.49
401,Ray-Ray McCloud,SF,WR,0.0,0.0,0.0,0.0,0.0,2.0,23.0,0.0,9.0,11.0,113.0,0.0,1.0,0.0,6.0,44.1,40.5,1.1376320663568418,1.13
402,Rhamondre Stevenson,NE,RB,0.0,0.0,0.0,0.0,0.0,156.0,619.0,4.0,38.0,51.0,238.0,0.0,1.0,1.0,12.0,182.1,108.9,9.321623165126397,9.32
403,Richie James,KC,WR,0.0,0.0,0.0,0.0,0.0,0.0,0.0,0.0,2.0,5.0,18.0,0.0,1.0,1.0,3.0,89.7,0.0,0.9204584029317586,0.92
404,Rico Dowdle,DAL,RB,0.0,0.0,0.0,0.0,0.0,63.0,261.0,1.0,11.0,12.0,76.0,2.0,0.0,0.0,12.0,0.0,0.0,3.739570552147239,
405,River Cracraft,MIA,WR,0.0,0.0,0.0,0.0,0.0,0.0,0.0,0.0,8.0,10.0,103.0,1.0,0.0,0.0,4.0,22.2,0.0,1.4311653394829025,1.43
406,Robbie Chosen,MIA,WR,0.0,0.0,0.0,0.0,0.0,0.0,0.0,0.0,3.0,4.0,107.0,1.0,0.0,0.0,3.0,26.6,73.7,1.3892947084768796,1.38
407,Robert Tonyan,CHI,TE,0.0,0.0,0.0,0.0,0.0,0.0,0.0,0.0,7.0,10.0,58.0,0.0,0.0,0.0,7.0,59.0,26.8,-0.4372275663942744,-0.43
408,Robert Woods,HOU,WR,0.0,0.0,0.0,0.0,0.0,0.0,0.0,0.0,30.0,57.0,326.0,1.0,0.0,0.0,9.0,64.7,64.7,3.170523429220649,3.17
409,Rodney Williams,PIT,TE,0.0,0.0,0.0,0.0,0.0,0.0,0.0,0.0,0.0,2.0,0.0,0.0,0.0,0.0,1.0,0.0,0.0,-1.5,
410,Romeo Doubs,GB,WR,0.0,0.0,0.0,0.0,0.0,0.0,0.0,0.0,45.0,74.0,505.0,7.0,0.0,0.0,12.0,61.6,0.0,8.062300454869698,8.06
411,Rondale Moore,ARI,WR,0.0,0.0,0.0,0.0,0.0,23.0,156.0,1.0,29.0,47.0,260.0,1.0,0.0,0.0,13.0,47.5,63.1,4.016991445515487,4.01
412,Ronnie Bell,SF,WR,0.0,0.0,0.0,0.0,0.0,0.0,0.0,0.0,4.0,5.0,51.0,1.0,0.0,0.0,4.0,0.0,0.0,0.9372339683204243,0.93
413,Ronnie Rivers,LAR,RB,0.0,0.0,0.0,0.0,0.0,13.0,57.0,0.0,3.0,3.0,14.0,0.0,0.0,0.0,3.0,5.0,0.0,0.5034460339296937,0.5
414,Roschon Johnson,CHI,RB,0.0,0.0,0.0,0.0,0.0,54.0,232.0,1.0,24.0,28.0,131.0,0.0,1.0,0.0,10.0,0.0,0.0,3.205828220858896,3.2
415,Ross Dwelley,SF,TE,0.0,0.0,0.0,0.0,0.0,0.0,0.0,0.0,1.0,2.0,12.0,0.0,0.0,0.0,2.0,16.5,5.7,-1.269031417493823,-1.26
416,Royce Freeman,LAR,RB,0.0,0.0,0.0,0.0,0.0,64.0,292.0,2.0,0.0,1.0,0.0,0.0,0.0,0.0,6.0,15.0,15.4,2.7142235823616785,2.71
417,Russell Wilson,DEN,QB,233.0,345.0,2385.0,21.0,7.0,63.0,310.0,2.0,0.0,0.0,0.0,0.0,7.0,4.0,12.0,286.0,286.0,13.50972054935314,13.5
418,Ryan Tannehill,TEN,QB,98.0,158.0,1128.0,2.0,6.0,12.0,40.0,1.0,0.0,0.0,0.0,0.0,3.0,0.0,6.0,200.6,355.9,4.148924739339034,4.14
419,Salvon Ahmed,MIA,RB,0.0,0.0,0.0,0.0,0.0,22.0,61.0,1.0,16.0,23.0,88.0,1.0,0.0,0.0,7.0,17.2,26.6,2.5342756246118068,2.53
420,Sam Darnold,SF,QB,2.0,3.0,7.0,0.0,0.0,4.0,-4.0,0.0,0.0,0.0,0.0,0.0,0.0,0.0,2.0,107.8,214.6,0.7825243064219293,0.78
421,Sam Howell,WAS,QB,335.0,509.0,3466.0,18.0,14.0,40.0,243.0,5.0,0.0,0.0,0.0,0.0,5.0,2.0,13.0,22.0,0.0,13.01876061196307,13.01
422,Sam LaPorta,DET,TE,0.0,0.0,0.0,0.0,0.0,0.0,0.0,0.0,64.0,86.0,679.0,6.0,0.0,0.0,12.0,0.0,0.0,12.992989223337048,12.99
423,Samaje Perine,DEN,RB,0.0,0.0,0.0,0.0,0.0,37.0,174.0,1.0,33.0,37.0,326.0,0.0,2.0,1.0,11.0,119.4,54.2,5.172430349545788,5.17
424,Samori Toure,GB,WR,0.0,0.0,0.0,0.0,0.0,0.0,0.0,0.0,5.0,11.0,62.0,0.0,0.0,0.0,5.0,14.2,0.0,0.48312809193274864,0.48
425,Saquon Barkley,NYG,RB,0.0,0.0,0.0,0.0,0.0,165.0,697.0,1.0,28.0,40.0,168.0,4.0,1.0,1.0,9.0,256.1,109.6,10.178002790394247,10.17
426,Scott Miller,ATL,WR,0.0,0.0,0.0,0.0,0.0,0.0,0.0,0.0,8.0,10.0,80.0,2.0,0.0,0.0,6.0,0.0,0.0,1.7831274858697927,
427,Sean McKeon,DAL,TE,0.0,0.0,0.0,0.0,0.0,0.0,0.0,0.0,0.0,2.0,0.0,0.0,0.0,0.0,2.0,1.1,2.4,-1.4940658155008093,-1.49
428,Sean Tucker,TB,RB,0.0,0.0,0.0,0.0,0.0,15.0,23.0,0.0,2.0,2.0,9.0,0.0,0.0,0.0,3.0,0.0,0.0,0.23026584867075667,
429,Shed Jackson,CIN,WR,0.0,0.0,0.0,0.0,0.0,0.0,0.0,0.0,0.0,1.0,0.0,0.0,0.0,0.0,1.0,0.0,0.0,0.0,
430,Simi Fehoko,LAC,WR,0.0,0.0,0.0,0.0,0.0,0.0,0.0,0.0,1.0,2.0,9.0,1.0,0.0,0.0,1.0,2.4,0.0,0.7256120674337015,0.72
431,Skyy Moore,KC,WR,0.0,0.0,0.0,0.0,0.0,3.0,23.0,0.0,21.0,37.0,244.0,1.0,0.0,0.0,12.0,33.4,0.0,2.467670155092263,2.46
432,Stefon Diggs,BUF,WR,0.0,0.0,0.0,0.0,0.0,0.0,0.0,0.0,83.0,121.0,969.0,8.0,2.0,1.0,12.0,223.5,193.7,12.836583901178562,12.83
433,Stephen Sullivan,CAR,TE,0.0,0.0,0.0,0.0,0.0,0.0,0.0,0.0,8.0,10.0,90.0,0.0,0.0,0.0,5.0,4.6,-0.2,-0.39704695672965773,-0.39
434,Sterling Shepard,NYG,WR,0.0,0.0,0.0,0.0,0.0,0.0,0.0,0.0,7.0,16.0,39.0,1.0,1.0,1.0,8.0,21.4,55.3,1.1386468704671933,1.13
435,Steven Sims,HOU,WR,0.0,0.0,0.0,0.0,0.0,0.0,0.0,0.0,2.0,2.0,25.0,0.0,0.0,0.0,1.0,0.0,0.0,0.14301165305980043,0.14
436,Stone Smartt,LAC,TE,0.0,0.0,0.0,0.0,0.0,0.0,0.0,0.0,3.0,12.0,80.0,1.0,0.0,0.0,8.0,1.7,0.0,0.4002505400661722,0.4
437,T.J. Hockenson,MIN,TE,0.0,0.0,0.0,0.0,0.0,0.0,0.0,0.0,80.0,108.0,786.0,5.0,1.0,1.0,12.0,82.8,147.0,13.852773189441093,13.85
438,Tank Bigsby,JAX,RB,0.0,0.0,0.0,0.0,0.0,36.0,86.0,2.0,1.0,4.0,6.0,0.0,2.0,2.0,10.0,0.0,0.0,1.6036809815950923,1.6
439,Tank Dell,HOU,WR,0.0,0.0,0.0,0.0,0.0,11.0,51.0,0.0,47.0,75.0,709.0,7.0,1.0,0.0,10.0,0.0,0.0,8.606377782429698,
440,Tanner Hudson,CIN,TE,0.0,0.0,0.0,0.0,0.0,0.0,0.0,0.0,26.0,31.0,228.0,0.0,0.0,0.0,7.0,13.2,0.0,1.4569331993382746,1.45
441,Taylor Heinicke,ATL,QB,41.0,74.0,498.0,3.0,1.0,9.0,68.0,0.0,0.0,0.0,0.0,0.0,0.0,0.0,3.0,156.6,288.1,3.1171314424496677,3.11
442,Taysom Hill,NO,QB,5.0,8.0,72.0,1.0,0.0,47.0,261.0,3.0,16.0,19.0,97.0,1.0,0.0,0.0,6.0,101.3,125.6,3.0655705229745,
443,Teagan Quitoriano,HOU,TE,0.0,0.0,0.0,0.0,0.0,0.0,0.0,0.0,2.0,3.0,33.0,0.0,0.0,0.0,3.0,23.3,0.0,-1.0041278165804106,-1.0
444,Tee Higgins,CIN,WR,0.0,0.0,0.0,0.0,0.0,0.0,0.0,0.0,30.0,54.0,364.0,2.0,0.0,0.0,8.0,165.7,191.4,4.883462174412596,4.88
445,Terrace Marshall,CAR,WR,0.0,0.0,0.0,0.0,0.0,0.0,0.0,0.0,18.0,32.0,134.0,0.0,1.0,0.0,7.0,55.0,10.9,1.403802933372312,1.4
446,Terry McLaurin,WAS,WR,0.0,0.0,0.0,0.0,0.0,0.0,0.0,0.0,60.0,100.0,694.0,2.0,0.0,0.0,13.0,152.0,128.2,6.718624945794695,6.71
447,Tim Boyle,NYJ,QB,48.0,77.0,360.0,1.0,4.0,4.0,5.0,0.0,0.0,0.0,0.0,0.0,2.0,0.0,3.0,0.0,0.0,0.5585068108409232,0.55
448,Tim Jones,JAX,WR,0.0,0.0,0.0,0.0,0.0,0.0,0.0,0.0,14.0,20.0,88.0,0.0,0.0,0.0,12.0,12.0,0.0,0.7477658706274425,0.74
449,Tommy DeVito,NYG,QB,66.0,105.0,697.0,7.0,3.0,21.0,83.0,1.0,0.0,0.0,0.0,0.0,2.0,1.0,5.0,0.0,0.0,3.5289833465163745,
450,Tommy Tremble,CAR,TE,0.0,0.0,0.0,0.0,0.0,0.0,0.0,0.0,13.0,16.0,84.0,3.0,0.0,0.0,8.0,35.4,21.2,2.9767233343472217,2.97
451,Tony Jones,ARI,RB,0.0,0.0,0.0,0.0,0.0,26.0,95.0,2.0,7.0,10.0,37.0,0.0,0.0,0.0,6.0,13.6,68.4,2.1182321079942885,2.11
452,Tony Pollard,DAL,RB,0.0,0.0,0.0,0.0,0.0,180.0,737.0,5.0,42.0,50.0,248.0,0.0,3.0,1.0,12.0,222.0,120.2,10.98222681036388,10.98
453,Travis Etienne,JAX,RB,0.0,0.0,0.0,0.0,0.0,205.0,771.0,8.0,40.0,52.0,346.0,1.0,0.0,0.0,12.0,200.2,0.0,13.613999648442686,13.61
454,Travis Kelce,KC,TE,0.0,0.0,0.0,0.0,0.0,0.0,0.0,0.0,74.0,93.0,813.0,5.0,1.0,1.0,11.0,256.0,235.5,14.8843037211958,14.88
455,Trayveon Williams,CIN,RB,0.0,0.0,0.0,0.0,0.0,12.0,59.0,0.0,0.0,2.0,0.0,0.0,0.0,0.0,7.0,6.0,5.5,0.35018841044978377,0.35
456,Tre Tucker,LV,WR,0.0,0.0,0.0,0.0,0.0,6.0,54.0,0.0,8.0,18.0,161.0,0.0,0.0,0.0,7.0,0.0,0.0,1.0495080594515387,1.04
457,Trent Sherfield,BUF,WR,0.0,0.0,0.0,0.0,0.0,0.0,0.0,0.0,7.0,13.0,53.0,0.0,0.0,0.0,6.0,53.7,8.8,0.8401291812524877,0.84
458,Trent Taylor,CHI,WR,0.0,0.0,0.0,0.0,0.0,0.0,0.0,0.0,0.0,2.0,0.0,0.0,0.0,0.0,2.0,8.0,4.2,0.07192950908110052,0.07
459,Trenton Irwin,CIN,WR,0.0,0.0,0.0,0.0,0.0,0.0,0.0,0.0,18.0,24.0,241.0,1.0,2.0,0.0,7.0,50.1,15.0,2.4510516704305942,2.45
460,Trevon Wesco,TEN,TE,0.0,0.0,0.0,0.0,0.0,0.0,0.0,0.0,1.0,3.0,21.0,0.0,0.0,0.0,3.0,2.6,8.5,-1.2577541944471342,-1.25
461,Trevor Lawrence,JAX,QB,271.0,399.0,3004.0,14.0,7.0,56.0,248.0,4.0,0.0,0.0,0.0,0.0,8.0,4.0,12.0,413.4,275.5,14.433039214665405,14.43
462,Trevor Siemian,NYJ,QB,5.0,13.0,66.0,0.0,0.0,1.0,8.0,0.0,0.0,0.0,0.0,0.0,3.0,1.0,1.0,0.0,0.0,0.17573023034908572,0.17
463,Trey McBride,ARI,TE,0.0,0.0,0.0,0.0,0.0,0.0,0.0,0.0,56.0,74.0,610.0,2.0,0.0,0.0,13.0,32.5,0.0,8.117549046888659,8.11
464,Trey Palmer,TB,WR,0.0,0.0,0.0,0.0,0.0,2.0,19.0,0.0,27.0,48.0,239.0,2.0,1.0,0.0,12.0,0.0,0.0,2.894703788988905,2.89
465,Trey Sermon,IND,RB,0.0,0.0,0.0,0.0,0.0,8.0,24.0,0.0,1.0,2.0,4.0,0.0,0.0,0.0,2.0,1.9,25.3,0.1918575501529973,0.19
466,Treylon Burks,TEN,WR,0.0,0.0,0.0,0.0,0.0,2.0,14.0,0.0,8.0,18.0,122.0,0.0,0.0,0.0,5.0,55.1,0.0,1.2169272982061001,1.21
467,Trishton Jackson,MIN,WR,0.0,0.0,0.0,0.0,0.0,0.0,0.0,0.0,2.0,4.0,9.0,0.0,0.0,0.0,2.0,0.0,0.0,0.07658223431721443,
468,Tua Tagovailoa,MIA,QB,281.0,401.0,3457.0,24.0,10.0,27.0,40.0,0.0,0.0,0.0,0.0,0.0,10.0,4.0,12.0,284.4,227.5,15.237334033794859,15.23
469,Tucker Kraft,GB,TE,0.0,0.0,0.0,0.0,0.0,0.0,0.0,0.0,10.0,15.0,95.0,1.0,0.0,0.0,5.0,0.0,0.0,0.723414921431226,0.72
470,Tutu Atwell,LAR,WR,0.0,0.0,0.0,0.0,0.0,4.0,35.0,0.0,37.0,62.0,476.0,3.0,0.0,0.0,12.0,44.3,0.0,5.186565884294602,5.18
471,Ty Chandler,MIN,RB,0.0,0.0,0.0,0.0,0.0,37.0,168.0,1.0,9.0,11.0,71.0,0.0,0.0,0.0,7.0,2.0,0.0,2.0880655301362947,2.08
472,Ty Johnson,BUF,RB,0.0,0.0,0.0,0.0,0.0,10.0,32.0,0.0,3.0,3.0,47.0,1.0,0.0,0.0,3.0,30.4,85.0,1.2998844016299609,1.29
473,Ty Montgomery,NE,RB,0.0,0.0,0.0,0.0,0.0,3.0,9.0,0.0,3.0,7.0,14.0,0.0,0.0,0.0,3.0,7.3,12.6,0.27665902139829346,0.27
474,Tyjae Spears,TEN,RB,0.0,0.0,0.0,0.0,0.0,66.0,329.0,1.0,33.0,46.0,192.0,0.0,0.0,0.0,12.0,0.0,0.0,4.31359918200409,4.31
475,Tyler Allgeier,ATL,RB,0.0,0.0,0.0,0.0,0.0,143.0,492.0,3.0,12.0,17.0,83.0,0.0,0.0,0.0,12.0,141.4,0.0,6.133891467343599,6.13
476,Tyler Boyd,CIN,WR,0.0,1.0,0.0,0.0,1.0,2.0,11.0,0.0,55.0,79.0,499.0,2.0,0.0,0.0,12.0,116.3,90.7,5.535661980294271,5.53
477,Tyler Conklin,NYJ,TE,0.0,0.0,0.0,0.0,0.0,0.0,0.0,0.0,42.0,59.0,449.0,0.0,0.0,0.0,12.0,73.5,73.5,4.3314883724115205,4.33
478,Tyler Higbee,LAR,TE,0.0,0.0,0.0,0.0,0.0,0.0,0.0,0.0,34.0,55.0,367.0,2.0,0.0,0.0,12.0,80.0,113.0,5.4520520438692,5.45
479,Tyler Huntley,BAL,QB,5.0,8.0,38.0,1.0,0.0,4.0,8.0,0.0,0.0,0.0,0.0,0.0,0.0,0.0,2.0,85.3,106.5,0.9859543179561693,0.98
480,Tyler Lockett,SEA,WR,0.0,0.0,0.0,0.0,0.0,0.0,0.0,0.0,59.0,87.0,622.0,4.0,0.0,0.0,12.0,161.2,152.0,7.776921300817893,7.77
481,Tyler Scott,CHI,WR,0.0,0.0,0.0,0.0,0.0,4.0,25.0,0.0,10.0,20.0,81.0,0.0,1.0,1.0,8.0,0.0,0.0,0.6361733305421813,0.63
482,Tyquan Thornton,NE,WR,0.0,0.0,0.0,0.0,0.0,2.0,42.0,0.0,5.0,13.0,34.0,0.0,0.0,0.0,5.0,44.3,0.0,0.811888611250152,0.81
483,Tyreek Hill,MIA,WR,0.0,0.0,0.0,0.0,0.0,5.0,15.0,0.0,93.0,127.0,1481.0,12.0,1.0,1.0,12.0,229.6,219.7,17.863762857177022,17.86
484,Tyrion Davis-Price,SF,RB,0.0,0.0,0.0,0.0,0.0,6.0,21.0,0.0,0.0,0.0,0.0,0.0,0.0,0.0,1.0,9.9,0.0,0.18747345392925974,0.18
485,Tyrod Taylor,NYG,QB,57.0,87.0,579.0,2.0,0.0,22.0,98.0,0.0,0.0,0.0,0.0,0.0,2.0,0.0,6.0,13.9,101.4,2.2339919415062925,2.23
486,Tyson Bagent,CHI,QB,94.0,143.0,859.0,3.0,6.0,23.0,109.0,2.0,0.0,0.0,0.0,0.0,3.0,2.0,5.0,0.0,0.0,2.757388008134799,
487,Van Jefferson,ATL,WR,0.0,0.0,0.0,0.0,0.0,1.0,4.0,0.0,14.0,31.0,164.0,0.0,0.0,0.0,10.0,219.6,381.6,2.9464837249949305,2.94
488,Velus Jones,CHI,WR,0.0,0.0,0.0,0.0,0.0,2.0,15.0,0.0,3.0,5.0,9.0,0.0,0.0,0.0,4.0,32.3,0.0,0.44888305044058696,0.44
489,Wan'Dale Robinson,NYG,WR,0.0,0.0,0.0,0.0,0.0,6.0,27.0,0.0,36.0,45.0,265.0,1.0,0.0,0.0,10.0,28.6,0.0,2.822426063487717,
490,Will Dissly,SEA,TE,0.0,0.0,0.0,0.0,0.0,0.0,0.0,0.0,10.0,15.0,108.0,0.0,0.0,0.0,8.0,52.9,26.7,0.08992016244410128,0.08
491,Will Levis,TEN,QB,107.0,185.0,1266.0,7.0,2.0,17.0,17.0,0.0,0.0,0.0,0.0,0.0,4.0,2.0,6.0,0.0,0.0,4.603173214441947,4.6
492,Will Mallory,IND,TE,0.0,0.0,0.0,0.0,0.0,0.0,0.0,0.0,8.0,15.0,95.0,0.0,0.0,0.0,7.0,0.0,0.0,-0.37393833943833954,-0.37
493,Willie Snead,SF,WR,0.0,0.0,0.0,0.0,0.0,0.0,0.0,0.0,1.0,1.0,9.0,0.0,0.0,0.0,1.0,0.0,3.0,0.05697439117995953,
494,Xavier Gipson,NYJ,WR,0.0,0.0,0.0,0.0,0.0,4.0,17.0,0.0,12.0,17.0,159.0,0.0,2.0,1.0,7.0,0.0,0.0,0.9660177238155048,
495,Xavier Hutchinson,HOU,WR,0.0,0.0,0.0,0.0,0.0,1.0,17.0,0.0,2.0,4.0,43.0,0.0,0.0,0.0,4.0,0.0,0.0,0.28832600655920737,0.28
496,Zach Charbonnet,SEA,RB,0.0,0.0,0.0,0.0,0.0,86.0,368.0,1.0,24.0,29.0,142.0,0.0,0.0,0.0,11.0,0.0,0.0,3.9573619631901833,3.95
497,Zach Ertz,ARI,TE,0.0,0.0,0.0,0.0,0.0,0.0,0.0,0.0,27.0,43.0,187.0,1.0,0.0,0.0,7.0,64.6,72.0,2.4116579747362397,2.41
498,Zach Evans,LAR,RB,0.0,0.0,0.0,0.0,0.0,8.0,16.0,0.0,0.0,0.0,0.0,0.0,0.0,0.0,3.0,0.0,0.0,0.081799591002045,0.08
499,Zach Pascal,ARI,WR,0.0,0.0,0.0,0.0,0.0,0.0,0.0,0.0,4.0,11.0,19.0,0.0,0.0,0.0,8.0,22.5,57.5,0.3596180515964357,0.35
500,Zach Wilson,NYJ,QB,190.0,321.0,1944.0,6.0,7.0,33.0,199.0,0.0,0.0,0.0,0.0,0.0,9.0,5.0,10.0,130.8,195.2,6.608837828797668,6.6
501,Zack Moss,IND,RB,0.0,0.0,0.0,0.0,0.0,160.0,723.0,5.0,20.0,26.0,144.0,1.0,0.0,0.0,11.0,43.7,84.2,8.75280545310994,8.75
502,Zamir White,LV,RB,0.0,0.0,0.0,0.0,0.0,18.0,46.0,0.0,6.0,6.0,38.0,0.0,1.0,1.0,8.0,7.0,0.0,0.6860923411621029,0.68
503,Zay Flowers,BAL,WR,0.0,0.0,0.0,0.0,0.0,8.0,56.0,1.0,58.0,80.0,613.0,2.0,0.0,0.0,12.0,0.0,0.0,5.856011443723396,5.85
504,Zay Jones,JAX,WR,0.0,0.0,0.0,0.0,0.0,0.0,0.0,0.0,18.0,33.0,186.0,2.0,0.0,0.0,6.0,135.8,81.9,3.640304233063656,3.64
505,Zonovan Knight,DET,RB,0.0,0.0,0.0,0.0,0.0,3.0,13.0,0.0,0.0,0.0,0.0,0.0,0.0,0.0,1.0,46.0,0.0,0.43869737718385676,0.43
